z_m_kg13,tA_scaled_ms_kg13
0.067002,0.010541
0.069290,0.010836
0.071656,0.011180
0.074102,0.011525
0.076632,0.011870
0.079249,0.012202
0.081498,0.012509
0.099685,0.015402
0.103089,0.015921
0.106608,0.016518
0.110248,0.017154
0.114012,0.017847
0.118141,0.018523
0.121250,0.019061
0.148366,0.024513
0.153156,0.025404
0.158385,0.026552
0.164022,0.027945
0.169385,0.029006
0.175167,0.030317
0.180389,0.031513
0.220906,0.041828
0.228334,0.043537
0.236331,0.045582
0.243849,0.047825
0.252429,0.050163
0.261331,0.052680
0.267919,0.054531
0.327334,0.073643
0.337459,0.076718
0.348698,0.080284
0.360804,0.084471
0.373446,0.089116
0.386508,0.093718
0.397769,0.097863
0.489708,0.136463
0.505577,0.142630
0.522651,0.150280
0.540685,0.159298
0.560081,0.168970
0.578123,0.177695
0.593969,0.185442
0.724464,0.262309
0.747294,0.273236
0.771626,0.289633
0.798983,0.306628
0.828108,0.326748
0.853811,0.345314
0.879053,0.362350
1.077759,0.529453
1.111156,0.554867
1.149379,0.588608
1.188613,0.628970
1.229188,0.666547
1.271147,0.710286
1.307726,0.751537
1.611422,1.114427
1.662707,1.172874
1.719464,1.249838
1.778158,1.333696
1.836518,1.422646
1.896314,1.506590
1.955572,1.582928
2.425549,2.422612
2.495526,2.519306
2.586737,2.683378
2.675044,2.828008
2.766358,3.013584
2.857157,3.188015
2.925536,3.310422
3.548356,4.695616
3.659247,4.896540
3.783202,5.174314
3.912352,5.468301
4.046939,5.784805
4.184028,6.107336
4.307830,6.407490
5.304229,8.944170
5.471315,9.263115
5.655984,9.772591
5.850436,10.291406
6.056286,10.794550
6.252341,11.336258
6.420725,11.821398
7.840890,15.677595
8.089171,16.270036
8.385424,17.059077
8.650939,17.773798
8.967767,18.635766
9.262829,19.374373
9.552309,20.166184
11.651227,26.073398
12.032209,26.840404
12.485338,28.180970
12.885817,29.415828
13.325760,30.632022
13.780718,31.957359
14.211423,32.973413
17.334126,42.241043
17.925969,43.744887
18.537996,45.511544
19.170924,47.305922
19.833404,49.041694
20.502347,51.109709
21.143137,52.676394
25.789047,66.628857
26.669574,68.937371
27.591193,71.344617
28.521800,74.274827
29.495598,77.203253
30.502680,79.878141
31.456018,82.402597
38.368171,102.892272
