z_m_kg13,ps0_kpa
0.066756,55993.802851
0.069036,54413.994081
0.071394,52830.038475
0.073999,51350.697535
0.076356,49707.386818
0.078964,48260.437455
0.081092,47000.234875
0.083064,45892.796961
0.084688,45365.877789
0.086364,44454.009923
0.089314,43199.784791
0.099338,38706.327108
0.102732,37475.835736
0.106242,36217.632057
0.109871,34969.422376
0.113624,33826.534239
0.117506,32600.575854
0.121521,31419.049274
0.125672,30280.344178
0.129965,29156.021099
0.133655,28372.827623
0.147827,25038.077229
0.152877,24086.189786
0.158100,23170.490812
0.163501,22228.052044
0.169087,21284.670825
0.174864,20475.478860
0.179829,19642.803974
0.185972,18930.899525
0.192326,18160.902301
0.198340,17580.383485
0.219987,15282.692457
0.227412,14649.511603
0.233962,14064.861516
0.241472,13535.531491
0.250221,12979.822735
0.258770,12417.494468
0.267611,11879.528095
0.276754,11364.868181
0.282231,10978.451255
0.291057,10644.188153
0.295574,10411.084242
0.325546,9057.154997
0.335883,8753.099738
0.343332,8393.336727
0.353644,8095.045012
0.362935,7770.980561
0.374883,7514.048556
0.387098,7121.635111
0.397134,6886.234873
0.406454,6653.378094
0.419614,6331.708071
0.430723,6113.552054
0.439247,5946.654187
0.486734,5088.142464
0.501957,4852.046798
0.517414,4619.451490
0.531858,4404.107806
0.546449,4215.286514
0.559274,4049.218190
0.573355,3878.559380
0.588535,3704.583813
0.603413,3554.763210
0.618089,3409.434173
0.631500,3298.058711
0.646408,3155.219251
0.652471,3066.297155
0.722002,2564.447002
0.742618,2449.034013
0.762873,2332.539616
0.781250,2202.903380
0.801558,2125.045002
0.817046,2016.224331
0.838285,1944.963850
0.854481,1853.889522
0.876695,1780.143185
0.893634,1688.984468
0.916865,1621.797930
0.933085,1551.467447
0.948640,1502.971242
0.966516,1443.197645
1.062557,1187.964811
1.091206,1104.900260
1.122193,1041.565113
1.154062,976.085208
1.186835,916.916667
1.220538,862.765118
1.255199,810.465839
1.290844,760.074698
1.327502,712.816653
1.363926,672.246489
1.376073,660.770706
1.507181,539.296691
1.544210,505.511807
1.588063,473.819220
1.633163,443.132168
1.679542,415.580192
1.727239,389.525783
1.776290,365.104830
1.826734,341.647600
1.876856,322.420500
1.912219,311.142625
1.950433,299.054496
1.976639,291.580076
2.129190,242.689651
2.186153,229.080128
2.225428,216.514082
2.285420,204.999038
2.350322,192.465888
2.417066,180.898971
2.485704,170.215383
2.556294,159.720463
2.622757,151.512140
2.688095,143.954876
2.746775,137.628192
3.028191,111.938478
3.121061,104.974817
3.207099,99.702508
3.271456,95.315760
3.352487,90.641571
3.444034,85.458821
3.538975,81.166694
3.624215,77.365524
3.718436,73.946387
3.790273,70.809393
3.879487,68.113844
3.963933,65.198311
4.025083,62.813730
4.466636,51.928133
4.552374,50.061602
4.647686,47.999662
4.781883,45.709321
4.933736,43.759422
5.056504,41.540590
5.191186,39.784065
5.303816,38.487992
5.441694,36.987641
5.546815,35.618243
5.691009,34.277121
5.819927,32.800172
5.997463,31.458953
6.668132,26.600019
6.852895,25.407652
7.027304,24.319990
7.226814,23.460363
7.593254,21.690968
7.824998,20.724035
8.068127,19.683857
8.332099,18.905039
8.599565,18.031366
8.828423,17.254900
8.907022,17.159531
9.892310,14.839625
10.237804,14.088696
10.499878,13.589685
10.818720,13.099985
11.054925,12.649540
11.400633,12.241808
11.790136,11.711453
12.077465,11.258050
12.469104,10.878094
12.895112,10.406819
13.298367,10.066736
14.749740,8.733323
15.253629,8.432336
15.730622,8.189926
16.101983,7.832331
16.443674,7.562523
16.965794,7.342406
17.552455,7.013214
18.144837,6.769731
18.764748,6.488394
19.297524,6.218796
19.845313,6.090920
21.976052,5.275454
22.699555,5.104391
23.446970,4.866570
24.096614,4.671740
24.817059,4.525036
25.675182,4.339267
26.499369,4.141459
27.404721,3.962038
28.003051,3.825802
28.878756,3.702486
29.491545,3.589802
32.664574,3.084315
33.767097,2.938287
34.864953,2.810997
35.742701,2.705586
36.696265,2.613742
37.828868,2.486725
38.747534,2.422012
