z_m_kg13,ir_scaled_kpa_ms_kg13
0.066627,90920.651289
0.067883,86026.562701
0.072467,74223.878941
0.074524,71534.353802
0.078890,63451.249375
0.081237,58873.150796
0.088199,49891.399794
0.090273,47531.565991
0.097054,40791.271138
0.099290,38945.566147
0.106990,33621.362225
0.109574,32122.865000
0.118345,27779.177928
0.120800,26563.910734
0.130591,22903.167586
0.133923,21885.941352
0.144296,18907.879448
0.147437,18081.874989
0.159312,15754.970087
0.163530,15153.826733
0.176090,13184.383932
0.180367,12662.614755
0.194310,11035.661711
0.199309,10560.457168
0.215311,9223.401906
0.220034,8907.719076
0.236965,7799.181106
0.243028,7503.252399
0.262295,6606.345817
0.268099,6375.824218
0.289908,5613.671237
0.297029,5373.011303
0.320097,4735.428509
0.328373,4603.690972
0.353664,4027.326992
0.362182,3883.206596
0.390075,3450.695628
0.399096,3327.214485
0.431353,2955.837342
0.442036,2854.753440
0.476079,2546.162038
0.488682,2462.971625
0.525826,2198.759365
0.538993,2112.270280
0.580850,1890.772415
0.596147,1831.646995
0.641417,1636.020962
0.658258,1576.494479
0.708913,1416.710456
0.727243,1379.839638
0.782520,1230.684104
0.802113,1187.736146
0.864404,1064.307813
0.887165,1045.725096
0.955298,934.590800
0.981240,908.051121
1.055326,823.824019
1.082759,795.806736
1.160716,717.350523
1.191666,693.273120
1.283366,630.833100
1.320239,611.789112
1.419920,556.579047
1.456830,537.898302
1.568706,487.073382
1.610554,473.585068
1.735042,430.874446
1.780497,418.887523
1.915817,384.171423
1.953740,367.788900
2.113044,335.677012
2.185225,327.109532
2.334445,300.131007
2.396720,292.281098
2.570475,265.049106
2.643442,259.479339
2.843028,235.954211
2.923731,231.315455
3.143743,210.829089
3.224704,205.450339
3.469787,188.379836
3.566624,183.235192
3.828754,168.011029
3.944801,163.121151
4.230778,149.292875
4.350874,146.290404
4.679373,133.149981
4.812198,130.954113
5.152817,119.286169
5.283855,116.838377
5.692338,106.893574
5.853916,105.227670
6.295891,96.129459
6.474609,94.196172
6.963447,86.051769
7.141096,84.554970
7.701772,77.457776
7.898264,75.830354
8.470836,69.722585
8.711289,68.414904
9.368994,62.586079
9.634935,61.582305
10.362374,56.387558
10.626745,55.202830
11.461091,50.615968
11.753485,49.689722
12.676309,45.393272
12.999699,44.644827
13.942090,41.048902
14.337835,40.427795
15.725572,35.564949
17.055355,33.228571
17.490461,32.680698
18.758393,30.103872
19.290870,29.525648
20.747336,27.022568
21.336264,26.540199
22.947138,24.368707
23.598494,23.988928
25.380175,21.995744
26.027651,21.653028
27.914523,19.799176
28.706911,19.409933
30.874248,17.854717
31.750620,17.568358
34.147805,16.071566
35.019005,15.733895
37.768480,14.426549
38.731986,14.214866
