z_m_kg13,is_scaled_kpa_ms_kg13
0.066683,3031.489602
0.068560,2872.433109
0.070463,2742.951341
0.071824,2629.010588
0.073691,2531.421002
0.075351,2428.174682
0.077247,2350.235479
0.078740,2244.834936
0.080598,2165.002322
0.081582,2104.949113
0.087539,1838.882646
0.089594,1748.145605
0.091849,1671.449001
0.099016,1433.826275
0.102053,1357.051582
0.104615,1288.967895
0.107142,1217.009884
0.109671,1164.837720
0.112051,1110.801736
0.114696,1064.653654
0.116998,1019.890160
0.119186,979.071126
0.128469,840.480217
0.131854,795.008859
0.135047,762.426831
0.145721,656.450997
0.149490,621.930060
0.153611,591.883089
0.157679,561.568316
0.161401,536.751712
0.164903,516.116134
0.168796,496.043991
0.172458,475.656277
0.176530,456.841711
0.190837,397.532355
0.195963,379.543101
0.201451,364.511400
0.216648,325.623441
0.223171,310.821426
0.229675,296.731715
0.236764,284.963672
0.243413,272.270471
0.252006,262.048387
0.259991,252.086745
0.265172,244.238064
0.284261,227.273171
0.293287,220.658085
0.301331,216.819382
0.322272,200.831892
0.333281,195.886541
0.344666,190.711059
0.356439,186.358169
0.368615,182.272567
0.381206,178.935068
0.393125,176.340708
0.423985,170.222355
0.438466,168.652949
0.448394,167.563233
0.479546,165.857951
0.495925,164.783832
0.512862,164.776448
0.530377,165.988587
0.548491,166.594264
0.567222,167.356344
0.584954,168.432763
0.630862,173.297653
0.652406,175.378911
0.667175,176.997686
0.713517,184.647465
0.737882,188.595459
0.763077,193.161278
0.789133,198.202691
0.816078,203.938858
0.843943,209.841034
0.870322,214.486605
0.938613,232.629370
0.970668,233.263099
0.992646,231.969641
1.061616,225.414750
1.097878,221.695625
1.135379,217.435752
1.174163,212.668825
1.214272,207.623290
1.255751,202.510706
1.295016,198.400636
1.396687,184.992904
1.444398,180.105241
1.477104,178.282972
1.579754,165.137020
1.633720,160.477845
1.689531,155.233028
1.747248,150.298101
1.806937,145.654255
1.868665,140.893910
1.921710,137.996738
2.078394,127.760543
2.149395,123.927233
2.198065,122.673362
2.350817,113.627864
2.431122,110.625724
2.514172,107.306524
2.600060,103.991013
2.688880,100.963903
2.780736,97.934596
2.867685,95.929271
3.075564,89.216566
3.180623,87.099917
3.261761,86.059535
3.498206,80.081749
3.617705,78.037823
3.741288,75.836065
3.869096,73.560689
4.001268,71.419386
4.137953,69.468364
4.267343,67.895551
4.607902,62.760968
4.750089,61.239970
4.867367,60.708066
5.212893,56.883218
5.383442,54.847002
5.567344,53.299549
5.757532,51.700356
5.954216,50.149146
6.157622,48.599659
6.332415,47.578381
6.848727,43.866820
7.082685,42.629162
7.243066,42.120127
7.746412,39.086329
8.011039,37.913588
8.284713,36.674478
8.567731,35.541325
8.860415,34.474948
9.163101,33.409756
10.191543,29.989852
10.539697,29.116867
10.778362,28.742676
11.527399,26.574258
11.921193,25.753178
12.328439,24.957467
12.749603,24.141795
13.185155,23.352780
13.635587,22.589553
14.022668,22.033465
15.165995,20.352133
15.684088,19.723302
15.994414,19.505830
17.153877,18.034195
17.739870,17.509231
18.345900,16.936986
18.972633,16.383443
19.620777,15.847991
20.291062,15.330039
20.867077,14.952659
22.568474,13.773509
23.339441,13.360250
25.526678,12.126324
26.398689,11.784192
27.300521,11.399055
28.233169,11.016346
29.197657,10.675968
30.364550,10.374679
33.584229,9.167977
34.731534,8.868344
35.518001,8.762447
37.986335,8.079015
38.846600,7.909301
