0,16889922233357638; 0,008099063903553565
0,17466632996301698; 0,008325780203513329
0,18063017951112006; 0,00859045830859172
0,1867977060656969; 0,008855384196799921
0,19317586715702123; 0,009120069806097754
0,1997719071026924; 0,009375367023953437
0,205440228699307; 0,009611267841575925
0,25128690297697825; 0,011834122517837182
0,259866776304854; 0,012232862455061354
0,2687393345235742; 0,012691746849633253
0,277914757740496; 0,013179988422115508
0,287403311337962; 0,013712268070242265
0,2978107291403026; 0,014232231862172021
0,3056489022020345; 0,014645238270464428
0,37400361144533834; 0,018834425560576185
0,3860780207811716; 0,019519137710540924
0,3992589894884056; 0,020401236508914226
0,41346735515950694; 0,021471082300391343
0,4269863124266099; 0,022286825650809944
0,4415639182978915; 0,023294000374287614
0,45472700906554636; 0,024212545943504155
0,5568616431977862; 0,03213817144982063
0,5755862024339833; 0,03345152172002455
0,595746054951752; 0,035022340358543985
0,6146972740471748; 0,03674602195703903
0,6363256007107903; 0,03854252512701473
0,65876592032308; 0,040476570843938395
0,6753736977634793; 0,04189876771468504
0,8251476275339845; 0,056583431990738293
0,8506702079272176; 0,058945746580140096
0,8790014507856552; 0,061685425199778265
0,9095184807099269; 0,06490234661592326
0,9413869968269608; 0,06847189161071189
0,974312385555404; 0,07200729802445002
1,0027005881979167; 0,07519255970367067
1,2344603804089909; 0,10485027307233426
1,2744639160217246; 0,10958885805151994
1,317502813222508; 0,11546654359624052
1,362963525782955; 0,12239559521588722
1,4118592043417328; 0,1298272285419934
1,4573371629118377; 0,13653107978667112
1,497283090651715; 0,14248330257490296
1,8262357270404668; 0,20154360572379226
1,883787659699824; 0,20993867806525832
1,9451226927422598; 0,2225374832683108
2,01408406968917; 0,23559516556943277
2,0875039012923633; 0,2510542882255931
2,1522952786790692; 0,265319443228935
2,2159263891064054; 0,27840893138139167
2,716824912043412; 0,406801138058608
2,8010127112733767; 0,4263284901427548
2,8973667965717187; 0,4522531203055777
2,9962672258959224; 0,4832647259280706
3,0985504303631517; 0,5121365222306253
3,2043205417542584; 0,5457431771495402
3,2965297453945643; 0,5774384734899701
4,062087978507772; 0,8562624542614611
4,19136839254662; 0,9011694399656058
4,334442230369832; 0,9603046296616783
4,482398292665432; 1,024736176342232
4,629512490962463; 1,0930803430574674
4,780247940858728; 1,1575782236687626
4,929626870815187; 1,2162316709949175
6,114348876666794; 1,8613966374981386
6,29074675366911; 1,9356908848606433
6,5206737262517045; 2,0617550203499695
6,743279097956971; 2,1728802703171173
6,973463307432186; 2,3154657612065557
7,202351228943126; 2,449489071447364
7,374720214362223; 2,543539528607521
8,94473240155235; 3,6078439423287425
9,224266647171367; 3,7622220980911085
9,536734955778535; 3,975647569356937
9,862296566881982; 4,201530997444272
10,201564438123679; 4,444714091962401
10,5471409053887; 4,692528933994669
10,859223412238519; 4,923149759104347
13,370954424431284; 6,87219024957561
13,792146941871794; 7,117249689024732
14,257663708670059; 7,508701665190557
14,747839542791807; 7,907329760556523
15,266747149318164; 8,293916994339032
15,760966468791048; 8,710134360861899
16,185430238751305; 9,082888299625846
19,765395369988013; 12,045770250327523
20,391265835562404; 12,50096821958643
21,13806423575815; 13,107221740576678
21,807377251527992; 13,656373183777443
22,606038530098736; 14,318659830794918
23,349835320596895; 14,886163900472075
24,07955915277369; 15,49454558558555
29,370534267804857; 20,033312589141374
30,33091654419655; 20,62263585392981
31,47316878124186; 21,65265062675768
32,482699063426836; 22,601444924315935
33,59171371445214; 23,53589892049597
34,73857494914995; 24,5542127357382
35,82430071624646; 25,334890346837213
43,69604233434423; 32,45560879208453
45,18796620980228; 33,61107708061208
46,7307717910106; 34,96847525947604
48,32626364312947; 36,34717341337208
49,99624834346939; 37,680841149253844
51,682528053623656; 39,26978621182794
53,29783893514543; 40,4735378686842
65,00929463301762; 51,193814890868246
67,22893822405946; 52,967545026381615
69,55216420887781; 54,817135861711115
71,89804847454548; 57,06854244132781
74,35280678749182; 59,31857746646308
76,89147040464808; 61,373809112558234
79,29465436151848; 63,31345727311399
96,71887973278719; 79,05655487050198
