z_m_kg13,t0_scaled_ms_kg13
0.147177,0.210890
0.152208,0.208110
0.157410,0.204642
0.162791,0.202303
0.168355,0.199990
0.174109,0.197704
0.179055,0.196484
0.188313,0.192698
0.193120,0.192017
0.202537,0.188651
0.208290,0.188068
0.219059,0.185343
0.226547,0.184362
0.234290,0.182900
0.242298,0.182416
0.250580,0.182416
0.259145,0.181611
0.266505,0.181450
0.280285,0.182416
0.287440,0.182739
0.301457,0.186164
0.310019,0.187569
0.324228,0.192357
0.335310,0.195790
0.346770,0.200522
0.358623,0.205731
0.370881,0.212199
0.383557,0.219258
0.395558,0.225552
0.418013,0.241661
0.427827,0.247720
0.449948,0.267830
0.460143,0.275945
0.486653,0.305218
0.501879,0.320999
0.518373,0.342353
0.533776,0.366538
0.548424,0.390063
0.561899,0.416937
0.573773,0.435532
0.594272,0.489176
0.605472,0.505300
0.623650,0.558497
0.638564,0.608430
0.649386,0.648434
0.663834,0.696328
0.675624,0.747192
0.690381,0.799344
0.702361,0.856001
0.715264,0.911275
0.739367,1.041706
0.753302,1.073507
0.768933,1.195819
0.783425,1.238880
0.803424,1.373945
0.826244,1.468173
0.851035,1.562861
0.878755,1.642700
0.908791,1.697345
0.939853,1.742983
0.963845,1.767823
1.010846,1.805749
1.036649,1.821790
1.087201,1.825015
1.114954,1.825015
1.169323,1.800964
1.209291,1.781951
1.250624,1.760023
1.293371,1.739903
1.337578,1.718492
1.383296,1.700350
1.426576,1.690752
1.504546,1.677941
1.542952,1.676458
1.618193,1.686869
1.664155,1.692099
1.740425,1.712423
1.799912,1.735292
1.865161,1.751814
1.925057,1.801362
1.990855,1.862794
2.053144,1.905733
2.123320,1.960901
2.189754,2.039860
2.242509,2.113156
2.315913,2.151343
2.408524,2.292794
2.470006,2.333711
2.590454,2.454376
2.678995,2.509248
2.770563,2.567617
2.868702,2.594357
2.964381,2.675565
3.063251,2.724690
3.169221,2.765267
3.333087,2.839998
3.418171,2.870300
3.584855,2.942267
3.697016,2.990406
3.855640,3.045525
3.987425,3.102618
4.128668,3.153978
4.269786,3.209453
4.410430,3.240033
4.548421,3.250798
4.697303,3.263038
4.960978,3.335990
5.087616,3.386076
5.365681,3.404092
5.502651,3.452605
5.738747,3.511113
5.942025,3.563402
6.135296,3.612360
6.358215,3.626312
6.567125,3.674065
6.786156,3.721721
7.001279,3.747768
7.240582,3.773886
7.467122,3.839699
7.722348,3.887538
7.986297,3.918605
8.190163,3.957442
8.541570,4.013306
8.837055,4.055643
9.135449,4.106662
9.459045,4.135299
9.782355,4.182591
10.118739,4.217455
10.430459,4.256050
10.990273,4.330471
11.270821,4.357364
11.844104,4.418570
12.162982,4.490701
12.713300,4.518269
13.147840,4.562441
13.624461,4.603204
14.090144,4.652319
14.542622,4.697563
15.039688,4.741600
15.522659,4.824725
16.357958,4.862422
16.775527,4.896948
17.600612,4.956706
18.144030,5.006878
18.914947,5.082271
19.592790,5.126383
20.278691,5.173230
20.929903,5.223541
21.602027,5.268213
22.358267,5.316357
23.085495,5.361146
23.874556,5.432423
24.621532,5.450068
25.463094,5.488767
25.967227,5.549456
26.630091,5.547330
28.220735,5.657324
29.126990,5.701527
30.086414,5.735051
31.195791,5.790971
32.281429,5.840349
33.318086,5.891190
34.333042,5.917897
35.117230,5.962830
35.946485,5.962830
37.163567,6.054945
38.649705,6.119549
