ps0_kpa,angle_deg,calpha
1.378952,0.0,1.99947919088583
1.378952,1.36965110651591,1.99947919088583
1.378952,2.80772310535168,1.99947919088583
1.378952,3.90963526771965,1.99906242734247
1.378952,5.01688591667033,1.99947919088583
1.378952,6.0768181618197,1.99979672501411
1.378952,7.38911522724272,1.99947919088583
1.378952,8.54683884024814,1.99989595442919
1.378952,9.5594526815962,1.99947919088583
1.378952,10.4932025166087,1.99947919088583
1.378952,11.6319987680936,1.99947919088583
1.378952,12.7707950195785,1.99947919088583
1.378952,13.7991816621936,1.99947919088583
1.378952,14.7329314972062,1.99947919088583
1.378952,15.9190461524924,1.99947919088583
1.378952,17.0799243257512,1.99947919088583
1.378952,18.0893836068458,1.99947919088583
1.378952,19.0231334418584,1.99947919088583
1.378952,20.2281754586651,1.99947919088583
1.378952,21.36697171015,1.99947919088583
1.378952,22.379585551498,1.99947919088583
1.378952,23.3133353865106,1.99947919088583
1.378952,24.4521316379955,1.99989595442919
1.378952,25.6098552510009,1.99947919088583
1.378952,26.6193145320955,1.99947919088583
1.378952,27.5783008491354,1.99987143892664
1.378952,28.7391790223942,1.99903464310625
1.378952,29.9000571956531,1.99992373866542
1.378952,30.9095164767477,1.99947919088583
1.378952,31.8432663117602,1.99947919088583
1.378952,32.9820625632451,1.99947919088583
1.378952,34.12085881473,1.99947919088583
1.378952,35.1492454573452,1.99947919088583
1.378952,36.1082317743851,1.99947919088583
1.378952,37.2722645078973,1.99947919088583
1.378952,38.4299881209028,1.99947919088583
1.378952,39.4394474019974,1.99947919088583
1.378952,40.3731972370099,1.99989595442919
1.378952,41.5782392538167,1.99947919088583
1.378952,42.7170355053015,1.99947919088583
1.378952,43.7296493466496,1.99947919088583
1.378952,44.6633991816621,1.99947919088583
1.378952,45.802195433147,1.99947919088583
1.378952,46.9409916846319,1.99947919088583
1.378952,47.9693783272471,1.99947919088583
1.378952,48.928364644287,1.99947919088583
1.378952,50.0892428175458,1.99947919088583
1.378952,51.2501209908046,1.99992373866542
1.378952,52.2595802718993,1.99947919088583
1.378952,53.1933301069118,1.99947919088583
1.378952,54.379444762198,1.99947919088583
1.378952,55.5371683752034,1.99947919088583
1.378952,56.5497822165515,1.99947919088583
1.378952,57.483532051564,1.99947919088583
1.378952,58.6223283030489,1.99947919088583
1.378952,59.7611245545338,1.99947919088583
1.378952,60.789511197149,1.99947919088583
1.378952,61.7232610321615,1.99947919088583
1.378952,62.9093756874477,1.99903464310625
1.378952,64.0702538607065,1.99903464310625
1.378952,65.0797131418012,1.99947919088583
1.378952,66.0134629768137,1.99947919088583
1.378952,67.1522592282986,1.99947919088583
1.378952,68.2910554797835,1.99947919088583
1.378952,69.3194421223986,2.01472082904307
1.378952,70.2784284394385,2.05086368423211
1.378952,71.4393066126974,2.07238502673796
1.378952,72.6001847859562,2.09016693792141
1.378952,73.6096440670508,2.12808051283754
1.378952,74.5433939020634,2.17410311555451
1.378952,75.7295085573496,2.34800465008137
1.378952,76.887232170355,2.59503429435014
1.378952,77.899846011703,2.81014382037399
1.378952,78.8335958467156,3.00304580330155
1.378952,79.9723920982005,3.03805394094396
1.378952,81.1093327260069,2.89615821218047
1.378952,82.0638655462184,2.62555064713632
1.378952,82.8209600070394,2.39345966054405
1.378952,83.8378417828479,2.06969159019106
1.378952,84.9927819603356,1.72882804272603
1.378952,85.9755202604601,1.56668017404589
1.378952,86.9881341018082,1.42559579167635
1.378952,88.1458577148136,1.26330806789118
1.378952,90.0,1.0
3.44738,0.0,2.06616135782375
3.44738,1.36965110651591,2.06616135782375
3.44738,2.79607549826213,2.04282259939548
3.44738,3.94433543050728,2.04782376191583
3.44738,4.9664129526156,2.06616135782375
3.44738,6.02634519776497,2.06616135782375
3.44738,7.10069828978712,2.03948849104859
3.44738,8.36645534939344,2.05343112595379
3.44738,9.35756082537727,2.06616135782375
3.44738,10.3922565884992,2.06549453615438
3.44738,11.8307360640591,2.03615438270169
3.44738,13.2944520216463,2.0655262895672
3.44738,14.3543842667957,2.06616135782375
3.44738,15.3386070658629,2.05349174610555
3.44738,16.7153973631337,2.04689762070836
3.44738,17.7865458225174,2.06616135782375
3.44738,18.8464780676668,2.06616135782375
3.44738,19.9669778696818,2.03682120437107
3.44738,21.067288486075,2.04986127257226
3.44738,22.0767477671696,2.06616135782375
3.44738,23.136680012319,2.06616135782375
3.44738,24.2470852215231,2.03948849104859
3.44738,25.5190039157024,2.05682585445245
3.44738,26.4678956399313,2.06616135782375
3.44738,27.5025914030533,2.064827714485
3.44738,28.9298546643788,2.03652483918468
3.44738,30.4047868362004,2.0655262895672
3.44738,31.4647190813498,2.06616135782375
3.44738,32.4047780368691,2.05449197860962
3.44738,33.8874213559769,2.05134309850422
3.44738,34.8968806370715,2.06616135782375
3.44738,35.9568128822209,2.06584382369548
3.44738,37.0167451273703,2.04082213438734
3.44738,38.0654611582852,2.04689762070836
3.44738,39.136609617669,2.06616135782375
3.44738,40.1965418628184,2.06616135782375
3.44738,41.2708949548405,2.03948849104859
3.44738,42.5366520144468,2.0540373274714
3.44738,43.5277574904307,2.06616135782375
3.44738,44.5624532535527,2.06549453615438
3.44738,46.0457975860501,2.03652483918468
3.44738,47.4646486866997,2.0655262895672
3.44738,48.5245809318491,2.06616135782375
3.44738,49.5088037309164,2.05282492443617
3.44738,50.9169994280434,2.04682352941176
3.44738,51.9567424875709,2.06616135782375
3.44738,53.0166747327203,2.06616135782375
3.44738,54.0261340138149,2.04393396884445
3.44738,55.456201328699,2.05875222816398
3.44738,56.3478903603326,2.06616135782375
3.44738,57.3825861234546,2.06549453615438
3.44738,60.2847815566016,2.0655262895672
3.44738,61.344713801751,2.06616135782375
3.44738,62.8909146904834,2.06349407114624
3.44738,64.5749835012538,2.11982462550237
3.44738,65.6349157464032,2.15983392566512
3.44738,67.3381846979629,2.2085226691467
3.44738,68.8147124818513,2.29034045238648
3.44738,69.8746447270007,2.39195137343474
3.44738,71.6555061815301,2.73921878632875
3.44738,73.1049144265035,3.03781579034776
3.44738,74.1648466716529,3.08354070481947
3.44738,75.7110475603853,2.92405301092769
3.44738,77.3782920498042,2.60480508408896
3.44738,78.4045756522504,2.41544889892715
3.44738,79.6095208764133,2.21098814229248
3.44738,80.8495050376171,2.02600458365163
3.44738,82.6947775969026,1.77021955027069
3.44738,84.3709270095474,1.54328760753313
3.44738,85.9250472964054,1.36822134387351
3.44738,86.9849795415548,1.27391370777559
3.44738,87.6411280742663,1.21663055103464
3.44738,90.0,1.0
6.89476,0.0,2.09283422459892
6.89476,0.979048792291788,2.09283422459892
6.89476,2.0054555853755,2.09283422459892
6.89476,3.0861014562893,2.09283422459892
6.89476,4.14189801575081,2.09283422459892
6.89476,5.16830480883453,2.09283422459892
6.89476,5.72350741343658,2.09283422459892
6.89476,7.40530599674423,2.09283422459892
6.89476,8.48445598134542,2.09283422459892
6.89476,9.45850675348673,2.09283422459892
6.89476,10.0137093580887,2.09283422459892
6.89476,10.8717497470192,2.07949779121134
6.89476,11.7297901359496,2.05646213354187
6.89476,12.1083373663601,2.06449430365031
6.89476,13.0622763869945,2.09150058126017
6.89476,13.5972898059747,2.09283422459892
6.89476,14.1524924105767,2.09283422459892
6.89476,15.7435170927009,2.09283422459892
6.89476,17.4332350741343,2.09283422459892
6.89476,17.9884376787364,2.09283422459892
6.89476,18.5436402833384,2.09283422459892
6.89476,20.0280698666901,2.06616135782375
6.89476,21.7234370187865,2.09283422459892
6.89476,22.2786396233886,2.09283422459892
6.89476,22.8338422279906,2.09283422459892
6.89476,24.32015486823,2.07949779121134
6.89476,25.963165999384,2.09283422459892
6.89476,26.518368603986,2.09283422459892
6.89476,27.0735712085881,2.09283422459892
6.89476,28.6506577500109,2.09283422459892
6.89476,30.2533679440362,2.09283422459892
6.89476,30.8085705486382,2.09283422459892
6.89476,31.3637731532403,2.09283422459892
6.89476,31.893739275815,2.09283422459892
6.89476,33.2165779400765,2.07949779121134
6.89476,34.4930969246337,2.09283422459892
6.89476,35.0482995292357,2.09283422459892
6.89476,35.6035021338378,2.09283422459892
6.89476,37.2581811782304,2.09283422459892
6.89476,38.7832988692859,2.09283422459892
6.89476,39.3385014738879,2.09283422459892
6.89476,39.89370407849,2.09283422459892
6.89476,41.5875577456113,2.07999534991862
6.89476,43.0230278498834,2.09283422459892
6.89476,43.5782304544854,2.09283422459892
6.89476,44.1334330590874,2.09283422459892
6.89476,45.0419464120726,2.07949779121134
6.89476,46.3037705134409,2.06216042780748
6.89476,47.232473052048,2.09150058126017
6.89476,47.7674864710281,2.09283422459892
6.89476,48.3226890756302,2.09283422459892
6.89476,49.5061639315411,2.09283422459892
6.89476,50.9250560957367,2.05646213354187
6.89476,52.4806722689075,2.06349407114624
6.89476,53.8016454749439,2.07222337299993
6.89476,54.8337014386906,2.07683050453382
6.89476,55.7422147916758,2.10435205343365
6.89476,56.2974173962778,2.1128388746803
6.89476,56.8526200008799,2.11526368075077
6.89476,57.7863698358924,2.12284119972099
6.89476,58.4583395661929,2.14860476421973
6.89476,59.0986669013154,2.15951639153684
6.89476,59.9277046944432,2.19043266893533
6.89476,60.58761934093,2.20740631142862
6.89476,61.1428219455321,2.22256134936906
6.89476,61.6980245501341,2.24014119337997
6.89476,62.3654714241717,2.24842594745407
6.89476,63.3636323639403,2.31555266217158
6.89476,64.3226186809802,2.40684661072477
6.89476,64.8778212855822,2.50868846568451
6.89476,65.4330238901843,2.61234892519709
6.89476,65.9882264947863,2.71782798926253
6.89476,66.3415372431695,2.77299232736572
6.89476,67.040626512385,2.91456320940161
6.89476,67.6285978265651,3.01804929086258
6.89476,68.5623476615776,3.12701401365432
6.89476,69.1175502661797,3.14035044704191
6.89476,69.6727528707818,3.11549618481959
6.89476,70.2279554753838,3.06700006341019
6.89476,70.6065027057943,3.01971634503603
6.89476,71.4897795767521,2.87604658536069
6.89476,72.486057459633,2.72709264230305
6.89476,73.4077522108319,2.59113187208048
6.89476,73.962954815434,2.50808226416689
6.89476,74.518157420036,2.42563885777091
6.89476,74.8714681684191,2.38179028132992
6.89476,75.830454485459,2.2516590222147
6.89476,76.2090017158695,2.21953034178097
6.89476,77.0922785868273,2.11465747923315
6.89476,77.6474811914294,2.05524973050664
6.89476,78.2026837960314,1.99281097419204
6.89476,78.7578864006335,1.92915981484221
6.89476,79.136433631044,1.89278772378516
6.89476,80.0197105020018,1.75033036714505
6.89476,81.3824805314795,1.61635983175159
6.89476,81.9376831360816,1.57028851641267
6.89476,82.4928857406836,1.51997379045042
6.89476,83.0480883452857,1.47269007207625
6.89476,83.4266355756962,1.44435015112764
6.89476,84.309912446654,1.36114899283464
6.89476,85.6726824761318,1.25748853332205
6.89476,86.2278850807338,1.22414744985309
6.89476,86.7830876853358,1.19141256790175
6.89476,87.3382902899379,1.15625287987993
6.89476,88.6001143913062,1.08290249624822
6.89476,90.0,1.0
13.78952,0.0,2.11950709137409
13.78952,1.3172950855735,2.11950709137409
13.78952,2.79607549826213,2.11188627229548
13.78952,3.93676448589907,2.11150523134154
13.78952,4.91593998856087,2.11950709137409
13.78952,5.97587223371024,2.11950709137409
13.78952,7.03580447885961,2.11188627229547
13.78952,8.09573672400897,2.10839339688444
13.78952,9.15566896915834,2.11950709137409
13.78952,10.2156012143077,2.11950709137409
13.78952,11.275533459457,2.11188627229547
13.78952,12.2547089621188,2.11150523134154
13.78952,13.3953979497558,2.11950709137409
13.78952,14.4553301949051,2.11950709137409
13.78952,15.5152624400545,2.11188627229547
13.78952,16.3329244577412,2.11150523134154
13.78952,17.6351269303532,2.11918955724581
13.78952,18.6950591755026,2.11950709137409
13.78952,19.754991420652,2.11188627229547
13.78952,20.3859034713361,2.1161729830272
13.78952,21.8748559109507,2.11887202311754
13.78952,22.9347881561001,2.11950709137409
13.78952,23.9947204012495,2.11188627229547
13.78952,24.650868933961,2.11550616135782
13.78952,26.1145848915482,2.11823695486099
13.78952,27.1745171366976,2.11950709137409
13.78952,28.2344493818469,2.1115687381672
13.78952,28.8905979145584,2.11683980469657
13.78952,30.4047868362004,2.11855448898926
13.78952,31.4647190813498,2.11950709137409
13.78952,32.5246513264991,2.11188627229547
13.78952,33.1807998592106,2.11683980469657
13.78952,34.6445158167979,2.11823695486099
13.78952,35.7044480619472,2.11950709137409
13.78952,36.7643803070966,2.11188627229547
13.78952,37.4457653218355,2.1161729830272
13.78952,38.9347177614501,2.11855448898926
13.78952,39.9946500065994,2.11950709137409
13.78952,41.0545822517488,2.1115687381672
13.78952,41.7359672664877,2.11506161357823
13.78952,43.1744467420475,2.11791942073271
13.78952,44.2343789871969,2.11950709137409
13.78952,45.2943112323463,2.11188627229547
13.78952,45.9756962470852,2.11728435247616
13.78952,47.4646486866997,2.11823695486099
13.78952,48.5245809318491,2.12363503504168
13.78952,49.5845131769985,2.13919420732719
13.78952,50.2658981917374,2.15062543594512
13.78952,51.754850631352,2.18206131464443
13.78952,52.8147828765013,2.21381472747201
13.78952,53.8747151216507,2.25922210781545
13.78952,54.9497118219015,2.30271378749127
13.78952,55.9945796119494,2.35225960740027
13.78952,57.0545118570988,2.41417876241405
13.78952,58.1144441022482,2.55198857408575
13.78952,58.795829116987,2.64629621018367
13.78952,60.2985469104347,2.87589503498129
13.78952,61.1522856262923,2.96907620673133
13.78952,62.101808262572,3.08544590958912
13.78952,62.9093756874477,3.0985225423263
13.78952,64.5749835012538,2.98637526156707
13.78952,65.6349157464032,2.86952270236157
13.78952,66.7125135289717,2.75065380144152
13.78952,67.3509965242641,2.67697000697511
13.78952,68.8147124818513,2.51896502474507
13.78952,69.8273263231994,2.42082713322482
13.78952,70.9345769721501,2.30875743182648
13.78952,71.6159619868889,2.24398046965821
13.78952,73.1227284138169,2.08891174419081
13.78952,74.1648466716529,1.98582522336997
13.78952,75.2247789168023,1.88548443883481
13.78952,75.8809274495138,1.83810834689606
13.78952,77.344643407101,1.72512970405553
13.78952,78.4045756522504,1.64511110373002
13.78952,79.4645078973997,1.56382236689141
13.78952,80.1458929121386,1.51492211113694
13.78952,81.6348453517532,1.42728269173281
13.78952,82.6947775969026,1.35710764938386
13.78952,83.7547098420519,1.28280466336732
13.78952,84.4360948567908,1.24041385724249
13.78952,85.8745743323507,1.16277676287906
13.78952,86.9345065775,1.11133623409838
13.78952,88.4656430111312,1.04270634736107
13.78952,90.0,1.0
34.4738,0.0,2.1995256916996
34.4738,0.979048792291788,2.1995256916996
34.4738,1.53425139689383,2.1995256916996
34.4738,2.08945400149589,2.1995256916996
34.4738,2.64465660609793,2.1995256916996
34.4738,3.19985921069999,2.1995256916996
34.4738,3.75506181530203,2.1995256916996
34.4738,4.31026441990409,2.1995256916996
34.4738,4.86546702450614,2.1995256916996
34.4738,5.42066962910819,2.1995256916996
34.4738,5.97587223371024,2.1995256916996
34.4738,6.53107483831228,2.1995256916996
34.4738,7.08627744291434,2.1995256916996
34.4738,7.64148004751639,2.1995256916996
34.4738,8.19668265211844,2.1995256916996
34.4738,8.75188525672049,2.1995256916996
34.4738,9.30708786132254,2.1995256916996
34.4738,9.86229046592459,2.1995256916996
34.4738,10.4174930705266,2.1995256916996
34.4738,10.9726956751286,2.1995256916996
34.4738,11.5278982797307,2.1995256916996
34.4738,12.0831008843327,2.1995256916996
34.4738,12.6383034889348,2.1995256916996
34.4738,13.1935060935368,2.1995256916996
34.4738,13.7487086981389,2.1995256916996
34.4738,14.3039113027409,2.1995256916996
34.4738,14.859113907343,2.1995256916996
34.4738,15.414316511945,2.1995256916996
34.4738,15.9695191165471,2.1995256916996
34.4738,16.5247217211491,2.1995256916996
34.4738,17.0799243257512,2.1995256916996
34.4738,17.6351269303532,2.1995256916996
34.4738,18.1903295349553,2.1995256916996
34.4738,18.7455321395573,2.1995256916996
34.4738,19.3007347441594,2.1995256916996
34.4738,19.8559373487614,2.1995256916996
34.4738,20.4111399533635,2.1995256916996
34.4738,20.9663425579655,2.1995256916996
34.4738,21.5215451625676,2.1995256916996
34.4738,22.0767477671696,2.1995256916996
34.4738,22.6319503717717,2.1995256916996
34.4738,23.1871529763737,2.1995256916996
34.4738,23.7423555809758,2.1995256916996
34.4738,24.2975581855778,2.1995256916996
34.4738,24.8527607901799,2.1995256916996
34.4738,25.4079633947819,2.1995256916996
34.4738,25.963165999384,2.1995256916996
34.4738,26.518368603986,2.1995256916996
34.4738,27.0735712085881,2.1995256916996
34.4738,27.6287738131901,2.1995256916996
34.4738,28.1839764177922,2.1995256916996
34.4738,28.7391790223942,2.1995256916996
34.4738,29.2943816269963,2.1995256916996
34.4738,29.8495842315983,2.1995256916996
34.4738,30.4047868362004,2.1995256916996
34.4738,30.9599894408024,2.1995256916996
34.4738,31.5151920454045,2.1995256916996
34.4738,32.0703946500065,2.1995256916996
34.4738,32.6255972546086,2.1995256916996
34.4738,33.1807998592106,2.1995256916996
34.4738,33.7360024638127,2.1995256916996
34.4738,34.2912050684147,2.1995256916996
34.4738,34.8464076730168,2.1995256916996
34.4738,35.4016102776188,2.1995256916996
34.4738,35.9568128822209,2.1995256916996
34.4738,36.5120154868229,2.1995256916996
34.4738,37.067218091425,2.1995256916996
34.4738,37.622420696027,2.1995256916996
34.4738,38.1776233006291,2.1995256916996
34.4738,38.7328259052311,2.1995256916996
34.4738,39.2880285098332,2.1995256916996
34.4738,39.8432311144352,2.1995256916996
34.4738,40.3984337190373,2.1995256916996
34.4738,40.9536363236393,2.20437530384054
34.4738,41.5088389282414,2.24377840248567
34.4738,42.0640415328434,2.27711948595463
34.4738,42.6192441374455,2.30439855424742
34.4738,43.1744467420475,2.33167762254021
34.4738,43.7296493466496,2.3522884741392
34.4738,44.2848519512516,2.35289467565682
34.4738,44.8400545558537,2.35289467565682
34.4738,45.3952571604557,2.3559256832449
34.4738,45.9504597650578,2.36683731056202
34.4738,46.5056623696598,2.39957219251336
34.4738,47.0608649742619,2.44685591088752
34.4738,47.616067578864,2.48019699435648
34.4738,48.171270183466,2.53839234004776
34.4738,48.726472788068,2.60143729787998
34.4738,49.2816753926701,2.66387605419458
34.4738,49.8368779972721,2.7305582211325
34.4738,50.3920806018742,2.82391325484559
34.4738,50.9472832064762,2.93484813256959
34.4738,51.5024858110783,3.04578301029358
34.4738,52.0576884156803,3.15853649257043
34.4738,52.6128910202824,3.23249307771976
34.4738,53.1680936248845,3.19187757603939
34.4738,53.7232962294865,3.14216905159476
34.4738,54.2784988340885,3.09185432563251
34.4738,54.8337014386906,3.0427520027055
34.4738,55.3889040432926,2.99304347826086
34.4738,55.9441066478947,2.94394115533385
34.4738,56.4993092524967,2.89483883240683
34.4738,57.0545118570988,2.84634271099744
34.4738,57.6097144617009,2.80087759717612
34.4738,58.1649170663029,2.75601868487243
34.4738,58.720119670905,2.71782798926253
34.4738,59.275322275507,2.66751326330028
34.4738,59.830524880109,2.62265435099659
34.4738,60.3857274847111,2.57840164021052
34.4738,60.9409300893131,2.53414892942444
34.4738,61.4961326939152,2.48807761408551
34.4738,62.0513352985172,2.44321870178182
34.4738,62.6065379031193,2.39169157278434
34.4738,63.1415513220994,2.36423064403626
34.4738,63.7169431123234,2.31692671894485
34.4738,64.2721457169255,2.27893809050749
34.4738,64.8273483215275,2.23650398427426
34.4738,65.3825509261296,2.21649933419289
34.4738,66.1901183510053,2.116476083786
34.4738,66.7453209556073,2.09525903066939
34.4738,67.3005235602094,2.06009934264758
34.4738,67.8136653614325,2.03615438270169
34.4738,68.4109287694135,1.95704508465261
34.4738,68.9661313740155,1.93340322546553
34.4738,69.5213339786176,1.92309779966603
34.4738,70.0765365832196,1.89460632833801
34.4738,70.6317391878217,1.85823423728096
34.4738,71.1869417924237,1.8212559447063
34.4738,71.7421443970258,1.78427765213163
34.4738,72.2973470016278,1.74669315803935
34.4738,72.8525496062299,1.7103210669823
34.4738,73.4077522108319,1.67940478958381
34.4738,73.962954815434,1.65333812432626
34.4738,74.518157420036,1.62424045148062
34.4738,75.0733600246381,1.5957489801526
34.4738,75.6285626292401,1.56846991185981
68.9476,0.0,2.50676121832131
68.9476,0.979048792291788,2.49292722622645
68.9476,1.53425139689383,2.49292722622645
68.9476,2.08945400149589,2.49413962926169
68.9476,2.89702142637159,2.49535203229692
68.9476,3.7045888512473,2.49535203229692
68.9476,4.51215627612301,2.49353342774407
68.9476,5.06735888072506,2.49292722622645
68.9476,5.62256148532711,2.49292722622645
68.9476,6.17776408992917,2.49292722622645
68.9476,6.70268291609837,2.49559451290397
68.9476,7.21245985305117,2.49376075331318
68.9476,7.96955431387214,2.49492769123459
68.9476,8.75188525672049,2.49413962926169
68.9476,9.30708786132254,2.49292722622645
68.9476,9.86229046592459,2.49292722622645
68.9476,10.4174930705266,2.49292722622645
68.9476,10.9306348717497,2.49626133457335
68.9476,11.477425315676,2.49440905215841
68.9476,12.2345197764969,2.49535203229692
68.9476,13.0420872013726,2.49413962926169
68.9476,13.5972898059747,2.49292722622645
68.9476,14.1524924105767,2.49292722622645
68.9476,14.7076950151788,2.49292722622645
68.9476,15.232613841348,2.49559451290397
68.9476,15.7423907783008,2.49376075331318
68.9476,16.4994852391218,2.49426086956521
68.9476,17.3322891460249,2.49353342774407
68.9476,17.8874917506269,2.49292722622645
68.9476,18.442694355229,2.49292722622645
68.9476,18.997896959831,2.49292722622645
68.9476,19.5228157860002,2.49559451290397
68.9476,20.032592722953,2.49292722622645
68.9476,20.789687183774,2.49359404789583
68.9476,21.5720181266223,2.49353342774407
68.9476,22.1272207312244,2.49292722622645
68.9476,22.6824233358264,2.49292722622645
68.9476,23.2376259404285,2.49292722622645
68.9476,23.7507677416516,2.49737270402231
68.9476,24.2975581855778,2.49440905215841
68.9476,25.0294161643715,2.49492769123459
68.9476,25.8622200712745,2.49353342774407
68.9476,26.4174226758766,2.49292722622645
68.9476,26.9726252804786,2.49292722622645
68.9476,27.5278278850807,2.49292722622645
68.9476,28.0409696863038,2.49626133457335
68.9476,28.5625236482027,2.49376075331318
68.9476,29.3196181090237,2.49426086956521
68.9476,30.1524220159267,2.49353342774407
68.9476,30.7076246205288,2.49292722622645
68.9476,31.2628272251308,2.49292722622645
68.9476,31.8180298297329,2.49292722622645
68.9476,32.3732324343349,2.49737270402231
68.9476,32.8527255928549,2.4945942803999
68.9476,33.5845835716485,2.49535203229692
68.9476,34.3921509965242,2.49413962926169
68.9476,34.9473536011263,2.49292722622645
68.9476,35.5025562057283,2.49292722622645
68.9476,36.0577588103304,2.49292722622645
68.9476,36.5709006115535,2.49737270402231
68.9476,37.1176910554797,2.49440905215841
68.9476,37.8495490342733,2.49426086956521
68.9476,38.6823529411764,2.49353342774407
68.9476,39.2375555457785,2.49292722622645
68.9476,39.7927581503805,2.49413962926169
68.9476,40.3479607549826,2.53111792183635
68.9476,40.8728795811518,2.58361497326202
68.9476,41.3826565181046,2.63462683096953
68.9476,42.1145144968982,2.68024349517025
68.9476,42.9220819217739,2.72085899685062
68.9476,43.4772845263759,2.75116907273149
68.9476,44.032487130978,2.8348248821627
68.9476,44.58768973558,2.9281799158758
68.9476,45.1008315368031,3.0174936061381
68.9476,45.6476219807294,3.1234441602728
68.9476,46.4047164415504,3.2373426898607
68.9476,47.2122838664261,3.22643106254359
68.9476,47.7674864710281,3.17308532899325
68.9476,48.3226890756302,3.11004037116103
68.9476,48.8778916802322,3.04093339815264
68.9476,49.3910334814554,2.97859567542431
68.9476,49.9125874433542,2.91135782376191
68.9476,50.7453913502573,2.8034756036802
68.9476,51.5024858110783,2.720252795333
68.9476,52.0576884156803,2.6541768299127
68.9476,52.6128910202824,2.59113187208048
68.9476,53.1680936248845,2.54081714611823
68.9476,53.6930124510537,2.49826179958149
68.9476,54.2027893880065,2.4495838177168
68.9476,54.9598838488274,2.38356847244826
68.9476,55.9945796119494,2.27772568747225
68.9476,56.5497822165515,2.2413535964152
68.9476,57.1049848211535,2.19649468411151
68.9476,57.6349509437282,2.1801878632876
68.9476,58.3920454045492,2.10283654963961
68.9476,59.2248493114523,2.07343577603516
68.9476,60.2621848739495,1.996619813574
68.9476,61.131523604206,1.95258438840861
68.9476,61.9251528883804,1.90695768425947
68.9476,62.6822473492014,1.86811532201813
68.9476,63.4898147740771,1.82610555684724
68.9476,64.3226186809802,1.78730865971972
68.9476,64.8778212855822,1.76669780812072
68.9476,65.4330238901843,1.74548075500412
68.9476,65.9882264947863,1.72608230644036
68.9476,66.5434290993884,1.70496628691001
68.9476,67.0229222579083,1.68774006045105
68.9476,67.754780236702,1.65940013950243
68.9476,68.5623476615776,1.62060324237491
68.9476,69.1175502661797,1.59332417408213
68.9476,69.6727528707818,1.56604510578934
68.9476,70.2279554753838,1.54604045570797
68.9476,70.7410972766069,1.53492676121831
68.9476,71.2626512385058,1.52686933271332
68.9476,72.0197456993268,1.51803394559404
68.9476,72.8525496062299,1.50239394643951
68.9476,73.4077522108319,1.47996449028766
68.9476,73.962954815434,1.45207922047726
68.9476,74.518157420036,1.42419395066686
68.9476,75.0430762462052,1.40467426179958
68.9476,75.552853183158,1.38683678214368
68.9476,76.309947643979,1.36333131829806
68.9476,77.0922785868273,1.34660015641182
68.9476,77.6474811914294,1.33265752150662
68.9476,78.2026837960314,1.32174589418951
68.9476,78.7578864006335,1.30537845321383
68.9476,79.2710282018566,1.28486863520111
68.9476,79.8178186457828,1.2593071378749
68.9476,80.5496766245765,1.22129830272029
68.9476,81.3824805314795,1.19201876941937
68.9476,81.9376831360816,1.18474435120796
68.9476,82.4928857406836,1.17807613451417
68.9476,83.0480883452857,1.17080171630275
68.9476,83.5612301465088,1.16150662636595
68.9476,84.0827841084077,1.15261567077423
68.9476,84.8398785692287,1.13727877237851
137.8952,0.0,2.99971169495465
137.8952,0.979048792291788,2.99971169495465
137.8952,1.53425139689383,2.99971169495465
137.8952,3.08421839940163,2.99910549343704
137.8952,4.51215627612301,2.99971169495465
137.8952,5.06735888072506,2.99971169495465
137.8952,5.62256148532711,2.99971169495465
137.8952,6.17776408992917,2.99971169495465
137.8952,6.53107483831228,2.99748895605672
137.8952,8.75188525672049,2.99849929191942
137.8952,9.30708786132254,2.99971169495465
137.8952,9.86229046592459,2.99971169495465
137.8952,10.4174930705266,2.99728688888418
137.8952,11.686092656958,2.98970936991397
137.8952,13.0420872013726,2.96758301452093
137.8952,13.5972898059747,2.96273340237999
137.8952,14.1524924105767,2.9597023947919
137.8952,14.7076950151788,2.94939696899241
137.8952,16.0557701614677,2.94858870030225
137.8952,17.3322891460249,2.92757371435817
137.8952,17.8874917506269,2.91969309462915
137.8952,18.442694355229,2.91544968400583
137.8952,18.997896959831,2.90635666124156
137.8952,20.3459721061199,2.89474540804464
137.8952,21.5720181266223,2.88089619750163
137.8952,22.1272207312244,2.87847139143116
137.8952,22.6824233358264,2.86998457018452
137.8952,23.2376259404285,2.86634736107881
137.8952,23.616173170839,2.86634736107881
137.8952,25.8622200712745,2.85240472617361
137.8952,26.4174226758766,2.85301092769123
137.8952,26.9726252804786,2.85301092769123
137.8952,27.5278278850807,2.85301092769123
137.8952,27.9063751154912,2.84967681934433
137.8952,30.1524220159267,2.85240472617361
137.8952,30.7076246205288,2.85664813679693
137.8952,31.2628272251308,2.86634736107881
137.8952,31.8180298297329,2.86816596563167
137.8952,32.171340578116,2.87523831667054
137.8952,34.3921509965242,2.89908224303015
137.8952,34.9473536011263,2.89968844454777
137.8952,35.5025562057283,2.89968844454777
137.8952,36.0577588103304,2.90150704910063
137.8952,36.4363060407408,2.90969076958846
137.8952,38.6823529411764,2.98213185094375
137.8952,39.2375555457785,3.01001712075415
137.8952,39.7927581503805,3.03850859208217
137.8952,40.3479607549826,3.0845799074211
137.8952,40.7012715033657,3.12863055103464
137.8952,42.9220819217739,3.33312252964426
137.8952,43.4772845263759,3.25249772780114
137.8952,44.032487130978,3.16156750015852
137.8952,44.58768973558,3.07245587706875
137.8952,44.9662369659905,3.03805394094396
137.8952,47.2122838664261,2.72631481050918
137.8952,47.7674864710281,2.67357527847646
137.8952,48.2722161115755,2.63221886383011
137.8952,48.9788376083417,2.54021094460061
137.8952,49.3069118746975,2.52960241804231
137.8952,51.5024858110783,2.29954894210648
137.8952,52.0576884156803,2.26257064953181
137.8952,52.7012187073782,2.17618693327133
137.8952,53.1680936248845,2.14921096573735
137.8952,53.5214043732676,2.13728900255754
137.8952,55.9945796119494,1.94128384519456
137.8952,56.5497822165515,1.92249159814841
137.8952,57.1049848211535,1.89703113440848
137.8952,57.6349509437282,1.87478353871192
137.8952,60.032416736328,1.77700323392022
137.8952,60.58761934093,1.75639238232123
137.8952,61.1428219455321,1.734569127687
137.8952,61.6980245501341,1.7103210669823
137.8952,62.0513352985172,1.69940943966519
137.8952,64.3226186809802,1.59150556952928
137.8952,64.8778212855822,1.57695673310646
137.8952,65.4330238901843,1.56362029971887
137.8952,65.9882264947863,1.55028386633129
137.8952,66.3415372431695,1.54381771681003
137.8952,68.5623476615776,1.47147766904102
137.8952,69.1175502661797,1.44419860074823
137.8952,69.6727528707818,1.41691953245545
137.8952,70.2279554753838,1.39267147175075
137.8952,70.6065027057943,1.38266914671006
137.8952,72.8525496062299,1.30174124410813
137.8952,73.4077522108319,1.28658620616769
137.8952,73.962954815434,1.27021876519202
137.8952,74.518157420036,1.25809473483967
137.8952,74.8714681684191,1.25263892118111
137.8952,77.0922785868273,1.22839086047642
137.8952,77.6474811914294,1.22596605440594
137.8952,78.2026837960314,1.22051024074739
137.8952,78.7578864006335,1.21929783771215
137.8952,79.136433631044,1.21429667519181
137.8952,82.5794108219203,1.12689540638389
137.8952,83.1490342733951,1.11745598275242
137.8952,83.4771085397509,1.12594280399906
137.8952,85.6726824761318,1.06532265223732
137.8952,86.2278850807338,1.05077381581449
137.8952,86.7830876853358,1.03925598697976
137.8952,87.3382902899379,1.02410094903932
137.8952,90.0,1.0
206.8428,0.0,3.34645896303185
206.8428,0.979048792291788,3.34039694785567
206.8428,1.53425139689383,3.33312252964426
206.8428,2.08945400149589,3.32948532053856
206.8428,3.19985921069999,3.31614888715097
206.8428,3.57840644111048,3.31311787956289
206.8428,4.51215627612301,3.30644966286909
206.8428,5.06735888072506,3.29675043858721
206.8428,5.62256148532711,3.29311322948151
206.8428,6.17776408992917,3.2858388112701
206.8428,6.53107483831228,3.28199953499186
206.8428,7.43958819129746,3.27613958698822
206.8428,7.84337190373531,3.27177493606138
206.8428,8.75188525672049,3.26340935511825
206.8428,9.30708786132254,3.25310392931876
206.8428,9.86229046592459,3.25007292173067
206.8428,10.4174930705266,3.24522330958973
206.8428,10.7960403009371,3.23976749593117
206.8428,11.7297901359496,3.23188687620215
206.8428,12.1083373663601,3.22809811671704
206.8428,13.0420872013726,3.21430703219124
206.8428,13.5972898059747,3.21188222612077
206.8428,14.1524924105767,3.20642641246221
206.8428,14.7076950151788,3.20097059880365
206.8428,15.0610057635619,3.19753545687049
206.8428,15.9695191165471,3.18763416541607
206.8428,16.3733028289849,3.18642176238083
206.8428,17.3322891460249,3.17551013506372
206.8428,17.8874917506269,3.17308532899325
206.8428,18.442694355229,3.16277990319375
206.8428,18.997896959831,3.15914269408805
206.8428,19.3512077082141,3.15308067891187
206.8428,20.2597210611993,3.14459385766523
206.8428,20.6382682916098,3.13974424552429
206.8428,21.5720181266223,3.1330760288305
206.8428,22.1272207312244,3.12640781213671
206.8428,22.6824233358264,3.11973959544291
206.8428,23.2376259404285,3.11549618481959
206.8428,23.616173170839,3.10807021622878
206.8428,24.5499230058515,3.10579696053771
206.8428,24.928470236262,3.10473610788188
206.8428,25.8622200712745,3.09912874384392
206.8428,26.4174226758766,3.09973494536154
206.8428,26.9726252804786,3.09973494536154
206.8428,27.5278278850807,3.09973494536154
206.8428,27.9063751154912,3.09806789118809
206.8428,28.789651986449,3.09912874384392
206.8428,29.1934356988868,3.09840130202278
206.8428,30.1524220159267,3.09912874384392
206.8428,30.7076246205288,3.09973494536154
206.8428,31.2628272251308,3.09973494536154
206.8428,31.8180298297329,3.09973494536154
206.8428,32.171340578116,3.0975122064636
206.8428,33.0798539311012,3.09973494536154
206.8428,33.4584011615117,3.09806789118809
206.8428,34.3921509965242,3.10822176660818
206.8428,34.9473536011263,3.122770603031
206.8428,35.5025562057283,3.1367132379362
206.8428,36.0577588103304,3.14883726828855
206.8428,36.4363060407408,3.15808184143222
206.8428,37.3195829116987,3.1815721502399
206.8428,37.7233666241365,3.18908904905835
206.8428,38.6823529411764,3.30160005072816
206.8428,39.2375555457785,3.38222485257128
206.8428,39.7927581503805,3.46709306503772
206.8428,40.3479607549826,3.5634791063389
206.8428,40.7536275243081,3.59812601720529
206.8428,41.5593118922961,3.38768066622983
206.8428,42.3043512693035,3.23678214368751
206.8428,42.8716089577192,3.10276595294962
206.8428,43.4268115623212,2.97546363424996
206.8428,43.9063047208412,2.90635666124156
206.8428,44.5372167715253,2.80390860476421
206.8428,44.8905275199084,2.76854684956986
206.8428,45.7990408728936,2.62629156010229
206.8428,46.2028245853315,2.58494861660078
206.8428,47.0608649742619,2.51102667153817
206.8428,47.7674864710281,2.40987761831286
206.8428,48.3226890756302,2.36744351207963
206.8428,48.8778916802322,2.31167297245883
206.8428,49.205965946588,2.2862125087189
206.8428,50.0640063355184,2.21486259009532
206.8428,50.4677900479563,2.17451987909788
206.8428,51.3763034009415,2.10750430132526
206.8428,53.0166747327203,1.94067764367694
206.8428,53.4204584451581,1.92879609393164
206.8428,54.3289717981433,1.87460167825664
206.8428,54.7327555105811,1.85144478028365
206.8428,55.691741827621,1.79276447337828
206.8428,56.2547095036161,1.76250102838337
206.8428,56.7937348761493,1.72052545919553
206.8428,57.3573496414272,1.70197413839357
206.8428,57.7358968718377,1.67940478958381
206.8428,58.6191737427955,1.64970091522056
206.8428,59.0229574552333,1.63939548942106
206.8428,59.9819437722732,1.60908541354018
206.8428,60.5371463768753,1.59393037559975
206.8428,61.0923489814773,1.57635053158884
206.8428,61.6475515860794,1.56180169516602
206.8428,62.0008623344625,1.55048593350383
206.8428,62.9093756874477,1.50360634947474
206.8428,63.3131593998855,1.49002743548011
206.8428,64.2216727528707,1.44237999619538
206.8428,64.7768753574728,1.42964976432541
206.8428,65.3320779620748,1.41691953245545
206.8428,65.8872805666769,1.40237069603263
206.8428,66.2658277970874,1.3943385259242
206.8428,67.1491046680452,1.36902961256367
206.8428,67.552888380483,1.35933038828179
206.8428,68.5118746975229,1.33144511847138
206.8428,69.067077302125,1.31992728963665
206.8428,69.622279906727,1.30719705776668
206.8428,70.1774825113291,1.29446682589672
206.8428,70.5307932597122,1.29042548244594
206.8428,71.4393066126974,1.27749318340343
206.8428,71.8430903251352,1.26864264124622
206.8428,72.7516036781204,1.24293969689923
206.8428,73.3068062827225,1.22414744985309
206.8428,73.8620088873245,1.2071738073598
206.8428,74.4172114919266,1.19626218004269
206.8428,74.795758722337,1.18762380841664
206.8428,75.7295085573496,1.18898776183128
206.8428,76.1332922697874,1.18595675424319
206.8428,77.0418056227726,1.16716450719705
206.8428,77.5970082273746,1.15564667836232
206.8428,78.1522108319767,1.15079706622138
206.8428,78.7074134365788,1.14352264800997
206.8428,79.0859606669892,1.14094629156009
206.8428,79.9692375379471,1.11988078882289
206.8428,80.3730212503849,1.11260637061148
206.8428,81.3320075674248,1.09320792204772
206.8428,81.8872101720269,1.08653970535393
206.8428,82.4424127766289,1.08350869776584
206.8428,82.997615381231,1.07320327196634
206.8428,83.3509261296141,1.06815159265287
206.8428,84.2594394825993,1.0544110249202
344.738,0.0,3.99619834710743
344.738,0.979048792291788,3.97387753376592
344.738,1.53425139689383,3.96872482086618
344.738,2.08945400149589,3.96054110037834
344.738,2.64465660609793,3.94599226395552
344.738,3.59347089621188,3.93326203208555
344.738,4.51215627612301,3.907195366828
344.738,5.06735888072506,3.89567753799327
344.738,5.62256148532711,3.8932527319228
344.738,6.17776408992917,3.88900932129948
344.738,6.73296669453121,3.87991629853522
344.738,7.28816929913326,3.87506668639428
344.738,7.95561617317083,3.87102534294349
344.738,8.75188525672049,3.86112405148908
344.738,9.30708786132254,3.85627443934814
344.738,9.86229046592459,3.85324343176005
344.738,10.4174930705266,3.84354420747817
344.738,10.9726956751286,3.83990699837246
344.738,11.5278982797307,3.83020777409058
344.738,12.2477011747107,3.82657056498488
344.738,13.0420872013726,3.81626513918538
344.738,13.5972898059747,3.81323413159729
344.738,14.1524924105767,3.80353490731542
344.738,14.7076950151788,3.79989769820971
344.738,15.2628976197808,3.7926232799983
344.738,15.8181002243829,3.78413645875166
344.738,16.5379031193629,3.77544757033247
344.738,17.3322891460249,3.75322018135317
344.738,17.8874917506269,3.7404899494832
344.738,18.442694355229,3.72957832216608
344.738,18.997896959831,3.72109150091944
344.738,19.553099564433,3.705936462979
344.738,20.1083021690351,3.69987444780283
344.738,20.8552246029301,3.70320855614973
344.738,21.6224910906771,3.68047599923907
344.738,22.1776936952791,3.67986979772145
344.738,22.7328962998812,3.66835196888672
344.738,23.2880989044832,3.66653336433387
344.738,23.8433015090853,3.65921853268795
344.738,24.3985041136873,3.64875145315042
344.738,25.0930705266399,3.64430597535456
344.738,25.8622200712745,3.61581450402654
344.738,26.4174226758766,3.61359176512861
344.738,26.9726252804786,3.60379150726046
344.738,27.5278278850807,3.59803259284309
344.738,28.0830304896827,3.58651476400836
344.738,28.6382330942848,3.57863414427934
344.738,29.3327995072374,3.56984422227388
344.738,30.1524220159267,3.54650546384561
344.738,30.7076246205288,3.54044344866943
344.738,31.2628272251308,3.53316903045803
344.738,31.8180298297329,3.52104500010568
344.738,32.3732324343349,3.51983259707044
344.738,32.928435038937,3.51316438037665
344.738,33.6230014518896,3.50649616368286
344.738,34.3921509965242,3.49437213333051
344.738,34.9473536011263,3.49315973029527
344.738,35.5025562057283,3.49315973029527
344.738,36.0577588103304,3.50225275305954
344.738,36.6129614149324,3.5289256198347
344.738,37.1681640195345,3.55681088964511
344.738,37.9926789563992,3.64012555219715
344.738,38.6823529411764,3.77019382384646
344.738,39.2375555457785,3.90658916531038
344.738,39.7927581503805,4.04419690980955
344.738,40.3479607549826,4.09754264335989
344.738,40.9031633595846,4.01206822937583
344.738,41.4078930001319,3.8517616058281
344.738,42.0975669849091,3.62058802392677
344.738,43.0735008139381,3.38795008912655
344.738,43.922785868274,3.15622762148337
344.738,44.8703383342865,2.95570146477563
344.738,45.3952571604557,2.89302022785398
344.738,46.1169431123234,2.77667519181585
344.738,46.8085001539882,2.67539388302931
344.738,47.3637027585903,2.61295512671471
344.738,47.8179594350829,2.57961404324575
344.738,48.5245809318491,2.47595358373316
344.738,49.0797835364512,2.41290862590095
344.738,49.6349861410532,2.34562025744541
344.738,49.963060407409,2.31288537549406
344.738,51.0229926525583,2.19285747500581
344.738,51.9062695235161,2.11768848682124
344.738,52.8354965022658,2.0370006975122
344.738,53.9195799785882,1.96687902038285
344.738,55.3889040432926,1.91885438904271
344.738,55.9441066478947,1.8909691192323
344.738,56.4993092524967,1.8594466403162
344.738,57.0545118570988,1.82913656443533
344.738,57.6097144617009,1.80246369766016
344.738,58.1649170663029,1.77942803999069
344.738,58.4929913326587,1.75942338990931
344.738,59.6286330238901,1.69395362600663
344.738,60.1838356284922,1.67394897592525
344.738,60.7390382330942,1.64848851218532
344.738,61.1932949095868,1.62796426080313
344.738,62.3541730828456,1.54653801441524
344.738,63.7926525584055,1.47392854374951
344.738,65.6514936864798,1.4142774407643
344.738,68.0828545030577,1.35155080213903
344.738,70.9093404901227,1.28397953964194
344.738,73.3173478815609,1.24436177633108
344.738,75.1743059527475,1.19868698611316
344.738,77.4504817633859,1.16767728435247
344.738,79.4392714153724,1.14061288072541
344.738,80.9301069118746,1.09736473245424
344.738,83.7042368779972,1.06289784616685
344.738,86.4768533591449,1.04066363304214
344.738,90.0,1.0
482.6332,0.0,4.44671471750755
482.6332,0.979048792291788,4.44004650081376
482.6332,1.53425139689383,4.43701549322567
482.6332,2.08945400149589,4.42671006742617
482.6332,2.64465660609793,4.4242852613557
482.6332,3.19985921069999,4.41337363403859
482.6332,3.75506181530203,4.41276743252097
482.6332,4.31026441990409,4.4067054173448
482.6332,4.86546702450614,4.40003720065101
482.6332,5.42066962910819,4.39761239458053
482.6332,5.97587223371024,4.38670076726342
482.6332,6.53107483831228,4.38366975967533
482.6332,7.08627744291434,4.37760774449916
482.6332,7.64148004751639,4.37336433387584
482.6332,8.19668265211844,4.36972712477013
482.6332,8.75188525672049,4.36002790048825
482.6332,9.30708786132254,4.35578448986493
482.6332,9.86229046592459,4.34669146710067
482.6332,10.4174930705266,4.33941704888926
482.6332,10.9726956751286,4.32971782460738
482.6332,11.5278982797307,4.31698759273741
482.6332,12.0831008843327,4.30668216693792
482.6332,12.6383034889348,4.2957705396208
482.6332,13.1935060935368,4.28243410623322
482.6332,13.7487086981389,4.27273488195134
482.6332,14.3039113027409,4.26303565766946
482.6332,14.859113907343,4.24969922428187
482.6332,15.414316511945,4.23999999999999
482.6332,15.9695191165471,4.2296945742005
482.6332,16.5247217211491,4.21696434233053
482.6332,17.0799243257512,4.20787131956627
482.6332,17.6351269303532,4.19817209528439
482.6332,18.1903295349553,4.1848356618968
482.6332,18.7455321395573,4.17271163154445
482.6332,19.3007347441594,4.16361860878019
482.6332,19.8559373487614,4.15270698146308
482.6332,20.4111399533635,4.14603876476929
482.6332,20.9663425579655,4.13876434655788
482.6332,21.5215451625676,4.13330853289932
482.6332,22.0767477671696,4.13330853289932
482.6332,22.6319503717717,4.12118450254697
482.6332,23.1871529763737,4.11997209951173
482.6332,23.7423555809758,4.10724186764177
482.6332,24.2975581855778,4.1048170615713
482.6332,24.8527607901799,4.09996744943036
482.6332,25.4079633947819,4.09148062818371
482.6332,25.963165999384,4.07875039631375
482.6332,26.518368603986,4.06723256747901
482.6332,27.0735712085881,4.05753334319713
482.6332,27.6287738131901,4.04419690980955
482.6332,28.1839764177922,4.03510388704529
482.6332,28.7391790223942,4.02479846124579
482.6332,29.2943816269963,4.01206822937583
482.6332,29.8495842315983,3.99994419902347
482.6332,30.4047868362004,3.9835767580478
482.6332,30.9599894408024,3.96417830948404
482.6332,31.5151920454045,3.94114265181458
482.6332,32.0703946500065,3.92174420325082
482.6332,32.6255972546086,3.89992094861659
482.6332,33.1807998592106,3.87991629853522
482.6332,33.7360024638127,3.85799201031471
482.6332,34.2912050684147,3.84879795396418
482.6332,34.8464076730168,3.84879795396418
482.6332,35.4016102776188,3.86092198431654
482.6332,35.9568128822209,3.88112870157045
482.6332,36.5120154868229,3.89143412736995
482.6332,37.067218091425,3.90901397138086
482.6332,37.622420696027,3.93326203208555
482.6332,38.1776233006291,3.9799395489421
482.6332,38.7328259052311,4.07632559024328
482.6332,39.2880285098332,4.17331783306207
482.6332,39.8432311144352,4.26909767284563
482.6332,40.3984337190373,4.32911162308976
482.6332,40.9536363236393,4.25333643338758
482.6332,41.5088389282414,4.10178605398321
482.6332,42.0640415328434,3.95993489886072
482.6332,42.6192441374455,3.8205085498087
482.6332,43.1744467420475,3.68168840227431
482.6332,43.7296493466496,3.56590391240937
482.6332,44.2848519512516,3.47194267717866
482.6332,44.8400545558537,3.37858764346557
482.6332,45.3952571604557,3.29129462492865
482.6332,45.9504597650578,3.20157680032127
482.6332,46.5056623696598,3.10579696053771
482.6332,47.0608649742619,3.04517680877597
482.6332,47.616067578864,2.97425123121472
482.6332,48.171270183466,2.88635201116019
482.6332,48.726472788068,2.82755046395129
482.6332,49.2816753926701,2.77541713343619
482.6332,49.8801405378905,2.70345235327332
482.6332,50.3920806018742,2.65902644205364
482.6332,50.9472832064762,2.6056807085033
482.6332,51.5024858110783,2.54930396736488
482.6332,52.0576884156803,2.49292722622645
482.6332,52.6128910202824,2.43836908964088
482.6332,53.1680936248845,2.39229777430195
482.6332,53.7232962294865,2.34541819027287
482.6332,54.0766069778696,2.31955359218786
482.6332,54.8337014386906,2.23529158123903
482.6332,55.3889040432926,2.19285747500581
482.6332,56.1011747107219,2.13184840734712
482.6332,56.9780456685291,2.06317600558009
482.6332,57.8075184000301,2.00809512737901
482.6332,58.6154076290201,1.96239225550083
482.6332,59.275322275507,1.92612880725412
482.6332,59.830524880109,1.90733656020798
482.6332,60.3857274847111,1.88005749191519
482.6332,60.9409300893131,1.85217222210479
482.6332,61.4961326939152,1.82549935532962
482.6332,62.0513352985172,1.79761408551922
482.6332,62.6065379031193,1.76791021115596
482.6332,63.1617405077214,1.74002494134555
482.6332,63.7169431123234,1.71213967153515
482.6332,64.2721457169255,1.68910401386569
482.6332,64.8273483215275,1.66788696074908
482.6332,65.3825509261296,1.6478823106677
482.6332,65.9377535307316,1.63090866817441
482.6332,66.4929561353336,1.60666060746971
482.6332,67.0481587399357,1.5854435543531
482.6332,67.6033613445378,1.56543890427173
482.6332,68.1585639491398,1.54543425419035
482.6332,68.7137665537418,1.533310223838
482.6332,69.2689691583439,1.50481875250998
482.6332,69.824171762946,1.47693348269957
482.6332,70.379374367548,1.45329162351249
482.6332,70.9345769721501,1.42116294307877
482.6332,71.4897795767521,1.39873348692692
482.6332,72.0449821813541,1.38175984443363
482.6332,72.6001847859562,1.3702420155989
482.6332,73.1553873905583,1.36175519435226
482.6332,73.7105899951603,1.33993193971803
482.6332,74.1648466716529,1.32122629288869
482.6332,74.9611157552026,1.29364333875842
482.6332,75.9351665273439,1.26889771934645
482.6332,76.8568612785428,1.24475830145209
482.6332,77.995512341062,1.2089142059986
689.476,0.0,5.00794868001098
689.476,0.979048792291788,4.99047747881042
689.476,1.53425139689383,4.98684026970471
689.476,2.08945400149589,4.9759286423876
689.476,2.89702142637159,4.97168523176428
689.476,3.7045888512473,4.96137980596478
689.476,4.51215627612301,4.95349918623575
689.476,5.06735888072506,4.94683096954196
689.476,5.62256148532711,4.93410073767199
689.476,6.17776408992917,4.92561391642535
689.476,6.70268291609837,4.913489886073
689.476,7.21245985305117,4.90682166937921
689.476,7.96955431387214,4.88948430597535
689.476,8.75188525672049,4.87469298894548
689.476,9.30708786132254,4.86378136162837
689.476,9.86229046592459,4.8546883388641
689.476,10.4174930705266,4.84741392065269
689.476,10.9306348717497,4.84013950244129
689.476,11.477425315676,4.83421219871347
689.476,12.2345197764969,4.82559066601847
689.476,13.0420872013726,4.81831624780706
689.476,13.5972898059747,4.81346663566612
689.476,14.1524924105767,4.80801082200756
689.476,14.7076950151788,4.80013020227853
689.476,15.232613841348,4.7947956289235
689.476,15.7423907783008,4.77679144385026
689.476,16.4994852391218,4.75478632876075
689.476,17.3322891460249,4.72738602016444
689.476,17.8874917506269,4.71283718374162
689.476,18.442694355229,4.69525733973071
689.476,18.997896959831,4.68131470482551
689.476,19.5228157860002,4.66276493838642
689.476,20.032592722953,4.64842827249476
689.476,20.789687183774,4.63142431992559
689.476,21.5720181266223,4.61887594851091
689.476,22.1272207312244,4.60857052271141
689.476,22.6824233358264,4.59462788780621
689.476,23.2376259404285,4.58311005897148
689.476,23.7507677416516,4.57229946524063
689.476,24.2975581855778,4.56007440130202
689.476,25.0294161643715,4.54673796791443
689.476,25.8622200712745,4.5212775041745
689.476,26.4174226758766,4.50794107078691
689.476,26.9726252804786,4.48793642070554
689.476,27.5278278850807,4.47338758428272
689.476,28.0409696863038,4.4578284119972
689.476,28.5625236482027,4.44254708207393
689.476,29.3196181090237,4.41804138572424
689.476,30.1524220159267,4.39579379002768
689.476,30.7076246205288,4.38185115512248
689.476,31.2628272251308,4.3685147217349
689.476,31.8180298297329,4.35214728075922
689.476,32.3732324343349,4.33780051150894
689.476,32.8527255928549,4.32918739827946
689.476,33.5845835716485,4.30850077149077
689.476,34.3921509965242,4.28788991989177
689.476,34.9473536011263,4.27455348650419
689.476,35.5025562057283,4.2612170531166
689.476,36.0577588103304,4.25212403035234
689.476,36.5709006115535,4.2622273889793
689.476,37.1176910554797,4.27482290940091
689.476,37.8495490342733,4.29667984189723
689.476,38.6823529411764,4.42064805225
689.476,39.2375555457785,4.51521548899832
689.476,39.7927581503805,4.61220773181712
689.476,40.3479607549826,4.71283718374162
689.476,40.8728795811518,4.70277423854917
689.476,41.3826565181046,4.62842362241339
689.476,42.1145144968982,4.47520618883557
689.476,42.9220819217739,4.31153177907885
689.476,43.4772845263759,4.20726511804865
689.476,44.032487130978,4.11148527826509
689.476,44.58768973558,4.018130244552
689.476,45.1008315368031,3.92770518484073
689.476,45.6476219807294,3.8258296520189
689.476,46.4047164415504,3.70957367208471
689.476,47.2122838664261,3.57802794276172
689.476,47.7674864710281,3.49740314091859
689.476,48.3226890756302,3.41920314514594
689.476,48.8778916802322,3.36403880704275
689.476,49.3910334814554,3.31311787956289
689.476,49.9125874433542,3.25893861892582
689.476,50.6696819041752,3.17041804231573
689.476,51.4592232704599,3.07687248812568
689.476,52.0576884156803,3.00274270254274
689.476,52.6128910202824,2.93666673712244
689.476,53.1680936248845,2.86877216714928
689.476,53.6930124510537,2.80499976749593
689.476,54.2027893880065,2.74548593350383
689.476,54.9598838488274,2.65229760520808
689.476,55.7422147916758,2.55294117647058
689.476,56.2974173962778,2.48625900953266
689.476,56.7516740727704,2.45482313083335
689.476,57.4582955695366,2.35653188476252
689.476,58.0134981741387,2.31955359218786
689.476,58.4929913326587,2.282878400372
689.476,59.2248493114523,2.22195514785144
689.476,60.0193174652059,2.15902968301944
689.476,60.8493994456421,2.09426391325484
689.476,61.6449117867041,2.02538944431527
689.476,62.6822473492014,1.93346384561729
689.476,63.4898147740771,1.89012043710764
689.476,64.3226186809802,1.85277842362241
689.476,64.8778212855822,1.83398617657626
689.476,65.4330238901843,1.81519392953012
689.476,65.9882264947863,1.79155207034304
689.476,66.5434290993884,1.76498023715414
689.476,67.0229222579083,1.75358870030225
689.476,67.754780236702,1.72183889581704
689.476,68.5623476615776,1.68667920779522
689.476,69.1175502661797,1.66243114709052
689.476,69.6727528707818,1.63515207879774
689.476,70.2279554753838,1.61029781657542
689.476,70.7410972766069,1.59382934201348
689.476,72.2050596154692,1.53071378749127
689.476,74.8691099476439,1.41106719367588
689.476,77.7486910994764,1.32806324110671
689.476,80.6282722513088,1.23122529644268
689.476,83.0366492146596,1.17588932806323
689.476,86.7015706806285,1.09288537549407
689.476,90.0,1.0
1034.214,0.0,5.60263236879372
1034.214,0.979048792291788,5.57849295089936
1034.214,1.53425139689383,5.5693999281351
1034.214,3.29364248317126,5.54344190568789
1034.214,4.51215627612301,5.5069611718205
1034.214,5.06735888072506,5.49786814905624
1034.214,5.62256148532711,5.49362473843292
1034.214,6.17776408992917,5.48574411870389
1034.214,7.52583923621803,5.48251104394326
1034.214,8.75188525672049,5.46452706558728
1034.214,9.30708786132254,5.45361543827016
1034.214,9.86229046592459,5.45058443068207
1034.214,10.4174930705266,5.44027900488258
1034.214,11.8431607197852,5.41977679609392
1034.214,13.0420872013726,5.38753947284986
1034.214,13.5972898059747,5.37480924097989
1034.214,14.1524924105767,5.36511001669801
1034.214,14.7076950151788,5.35480459089852
1034.214,16.1081261824101,5.31925598697977
1034.214,17.3322891460249,5.2778169981611
1034.214,17.8874917506269,5.26326816173828
1034.214,18.442694355229,5.24568831772737
1034.214,18.997896959831,5.23053327978694
1034.214,20.3459721061199,5.19478260869565
1034.214,21.5720181266223,5.15172708249666
1034.214,22.1272207312244,5.13354103696814
1034.214,22.6824233358264,5.11899220054532
1034.214,23.2376259404285,5.10262475956965
1034.214,24.6109375687447,5.06586375261567
1034.214,25.8622200712745,5.003813912198
1034.214,26.4174226758766,4.97774724694045
1034.214,26.9726252804786,4.94986197713005
1034.214,27.5278278850807,4.92318911035488
1034.214,28.9534955343393,4.84981864682631
1034.214,30.1524220159267,4.79103717951427
1034.214,30.7076246205288,4.76193950666863
1034.214,31.2628272251308,4.73587284141108
1034.214,31.8180298297329,4.7085937731183
1034.214,33.1137489550793,4.63810276679841
1034.214,34.3921509965242,4.60008370146477
1034.214,34.9473536011263,4.60008370146477
1034.214,35.5025562057283,4.60008370146477
1034.214,36.0577588103304,4.60250850753524
1034.214,37.483426459589,4.62392001860032
1034.214,38.6823529411764,4.7364790429287
1034.214,39.2375555457785,4.80316120986662
1034.214,39.7927581503805,4.87469298894548
1034.214,40.2974877909278,5.00832674571804
1034.214,41.125768841568,5.17036503138804
1034.214,42.0938008711337,5.11762549935532
1034.214,43.2249197061023,4.9413751558834
1034.214,43.7801223107043,4.87287438439263
1034.214,44.3353249153064,4.81589144173659
1034.214,45.8133485855074,4.63128574750058
1034.214,46.9599190461524,4.46005115089513
1034.214,47.5151216507545,4.39821859609815
1034.214,48.0703242553565,4.33820464585402
1034.214,48.6255268599586,4.25818604552852
1034.214,49.9736020062474,4.06831899558242
1034.214,51.1996480267499,3.87870389549998
1034.214,51.754850631352,3.80353490731542
1034.214,52.310053235954,3.726547314578
1034.214,52.8652558405561,3.64531631121726
1034.214,54.2385674688723,3.43767495931178
1034.214,55.4898499714021,3.23249307771976
1034.214,56.0450525760042,3.1506558728414
1034.214,56.6002551806062,3.06215045126925
1034.214,57.1554577852083,2.97667603728519
1034.214,58.5035329314971,2.77418739827946
1034.214,59.7800519160543,2.54566675825917
1034.214,60.3352545206564,2.46746676248652
1034.214,60.8904571252584,2.38077994546722
1034.214,62.5198996876237,2.18571215996279
1034.214,64.0646457535893,2.07727505231341
1034.214,64.9919486119054,2.0035509712329
1034.214,65.941519644507,1.92855361332459
1034.214,67.0820537639139,1.85646128807254
1034.214,68.309982841304,1.78185284606116
1034.214,68.865185445906,1.75517997928599
1034.214,69.4203880505081,1.72850711251082
1034.214,69.9755906551101,1.70183424573566
1034.214,70.9300541158871,1.69274122297139
1034.214,71.8148444718201,1.67615649637504
1034.214,72.736539223019,1.64948362959987
1034.214,73.7105899951603,1.5957489801526
1034.214,74.5275727044744,1.4912020460358
1034.214,75.4315632011966,1.38585445245291
1034.214,77.1054599850411,1.28305763987233
1034.214,78.7386686611816,1.22347826086956
1034.214,80.8834000615953,1.17361543827016
1034.214,83.0366492146596,1.10671936758893
1034.214,86.2827225130889,1.03754940711462
1034.214,90.0,0.996047430830039
1378.952,0.0,6.00211916890363
1378.952,0.979048792291788,5.98101075859736
1378.952,1.53425139689383,5.96706812369216
1378.952,2.08945400149589,5.95555029485743
1378.952,2.78101104316072,5.93493944325843
1378.952,3.57840644111048,5.92539176935596
1378.952,4.51215627612301,5.90705417344803
1378.952,5.06735888072506,5.89674874764853
1378.952,5.62256148532711,5.89250533702521
1378.952,6.07305204804435,5.88704952336665
1378.952,6.53107483831228,5.88482678446872
1378.952,7.0730960447006,5.87674409756716
1378.952,7.84337190373531,5.86837851662403
1378.952,8.75188525672049,5.85673944748578
1378.952,9.30708786132254,5.85370843989769
1378.952,9.86229046592459,5.8506774323096
1378.952,10.3127810286418,5.84219061106296
1378.952,10.7960403009371,5.83703789816321
1378.952,11.7297901359496,5.81430534125256
1378.952,12.4224734920145,5.79819809346663
1378.952,13.0420872013726,5.78581386992453
1378.952,13.5972898059747,5.77732704867789
1378.952,14.1524924105767,5.76641542136078
1378.952,14.7076950151788,5.75489759252604
1378.952,15.0610057635619,5.74701697279702
1378.952,15.9695191165471,5.72822472575088
1378.952,16.6874389546394,5.72034410602185
1378.952,17.3322891460249,5.70337046352856
1378.952,17.8874917506269,5.69124643317621
1378.952,18.442694355229,5.6803348058591
1378.952,18.997896959831,5.67063558157722
1378.952,19.6653438338686,5.65094164147872
1378.952,20.2597210611993,5.63911310266111
1378.952,20.6382682916098,5.62532201813531
1378.952,21.6224910906771,5.5833425630403
1378.952,22.1776936952791,5.56212550992369
1378.952,22.7328962998812,5.53969605377184
1378.952,23.2880989044832,5.51544799306714
1378.952,23.6414096528663,5.5069611718205
1378.952,24.5499230058515,5.46634567014013
1378.952,25.2426063619164,5.4397814461753
1378.952,25.8622200712745,5.40693792141362
1378.952,26.4174226758766,5.3784464500856
1378.952,26.9726252804786,5.35116738179281
1378.952,27.5278278850807,5.32267591046479
1378.952,28.1681552202032,5.29474773308532
1378.952,28.789651986449,5.25841854959734
1378.952,29.1934356988868,5.24023250406881
1378.952,30.1524220159267,5.18931157658895
1378.952,30.7076246205288,5.15475809008475
1378.952,31.2628272251308,5.12020460358056
1378.952,31.8180298297329,5.08504491555874
1378.952,32.4854767037705,5.0391908858405
1378.952,33.0798539311012,5.00563251675085
1378.952,33.7725372871661,4.9713392234364
1378.952,34.3921509965242,4.93834414829532
1378.952,34.9473536011263,4.92561391642535
1378.952,35.5025562057283,4.91227748303776
1378.952,36.0577588103304,4.90197205723827
1378.952,36.7504421663953,4.90848872355266
1378.952,37.3195829116987,4.93106973008391
1378.952,37.7233666241365,4.94416368286444
1378.952,38.6823529411764,5.0177565471032
1378.952,39.2375555457785,5.07231468368878
1378.952,39.7927581503805,5.12929762634482
1378.952,40.3479607549826,5.24871932531546
1378.952,40.9378151260504,5.38608695652173
1378.952,41.5593118922961,5.48574411870389
1378.952,42.1996392274187,5.46478725877702
1378.952,42.8716089577192,5.43118598211832
1378.952,43.4268115623212,5.40208830927268
1378.952,43.9820141669233,5.35298598634566
1378.952,44.5372167715253,5.29479064065439
1378.952,45.2046636455629,5.20934666356661
1378.952,45.7990408728936,5.12808522330958
1378.952,46.5169607109859,5.05652824924435
1378.952,47.1618109023714,4.98380926211663
1378.952,47.7170135069734,4.90682166937921
1378.952,48.2722161115755,4.81104182959565
1378.952,48.8274187161775,4.72738602016444
1378.952,49.1807294645606,4.6823250406882
1378.952,50.0892428175458,4.53037052693876
1378.952,50.7295701526683,4.41305045338293
1378.952,51.4015398829688,4.2957705396208
1378.952,51.9567424875709,4.19877829680201
1378.952,52.5119450921729,4.0981488448775
1378.952,53.067147696775,3.99994419902347
1378.952,53.4456949271855,3.94493141129969
1378.952,54.3289717981433,3.77261862991693
1378.952,54.9945356152932,3.65787491281097
1378.952,55.691741827621,3.53195662742279
1378.952,56.2469444322231,3.43678298915685
1378.952,56.8021470368251,3.3379721417852
1378.952,57.3573496414272,3.24219230200164
1378.952,57.7358968718377,3.18975587072773
1378.952,58.6191737427955,3.02395975565935
1378.952,59.2847375599454,2.91103464310625
1378.952,60.0008711337938,2.78882934201348
1378.952,60.5371463768753,2.70449155587495
1378.952,61.0923489814773,2.61477373126756
1378.952,62.0411632715913,2.47910346431062
1378.952,63.2061947292005,2.33836317135549
1378.952,64.527907079062,2.23117414554754
1378.952,66.2153548330326,2.06449430365031
1378.952,67.4267059703462,1.94813392234364
1378.952,68.5118746975229,1.87399547673902
1378.952,70.1774825113291,1.78791486123734
1378.952,71.8430903251352,1.68073843292257
1378.952,72.8544326631175,1.60533956162414
1378.952,74.3855690967486,1.52479733395334
1378.952,75.691460249021,1.48653429435015
1378.952,77.6143253112763,1.4240223203906
1378.952,80.0347573584406,1.34318298070216
1378.952,83.2198160939767,1.23779247955021
1378.952,86.3928197456998,1.13357147386442
1378.952,90.0,1.0
2068.428,0.0,6.65439200186003
2068.428,0.979048792291788,6.64055800976516
2068.428,1.53425139689383,6.63692080065946
2068.428,2.08945400149589,6.62722157637758
2068.428,2.64465660609793,6.62358436727188
2068.428,3.17462272867262,6.61388514299
2068.428,4.14566412952616,6.60479212022573
2068.428,5.06735888072506,6.59933630656718
2068.428,5.62256148532711,6.58599987317959
2068.428,6.17776408992917,6.57387584282724
2068.428,6.73296669453121,6.56478282006298
2068.428,7.28816929913326,6.55326499122825
2068.428,7.64148004751639,6.54942571495001
2068.428,8.38539311012363,6.53860751199509
2068.428,9.30708786132254,6.51143708651264
2068.428,9.86229046592459,6.50113166071315
2068.428,10.4174930705266,6.48658282429033
2068.428,10.9726956751286,6.46900298027942
2068.428,11.5278982797307,6.45202933778613
2068.428,12.2477011747107,6.4405115089514
2068.428,13.0420872013726,6.40717042548244
2068.428,13.5972898059747,6.39322779057724
2068.428,14.1524924105767,6.37382934201348
2068.428,14.7076950151788,6.35988670710828
2068.428,15.2628976197808,6.3398820570269
2068.428,15.8181002243829,6.32472701908646
2068.428,16.6426151612477,6.30442687747035
2068.428,17.3322891460249,6.27865570374754
2068.428,17.8874917506269,6.26168206125425
2068.428,18.442694355229,6.24652702331381
2068.428,18.997896959831,6.22834097778529
2068.428,19.553099564433,6.21076113377438
2068.428,20.1083021690351,6.19196888672824
2068.428,20.4363764353909,6.17711694954661
2068.428,21.2036429231378,6.12749424024011
2068.428,22.1776936952791,6.06769757561666
2068.428,22.7328962998812,6.03375029063008
2068.428,23.2880989044832,6.00101540867873
2068.428,23.8433015090853,5.96888672824501
2068.428,24.3985041136873,5.93493944325843
2068.428,25.1454265475823,5.89272262264589
2068.428,25.8622200712745,5.85613324596816
2068.428,26.4174226758766,5.82946037919299
2068.428,26.9726252804786,5.80096890786497
2068.428,27.5278278850807,5.77308363805457
2068.428,28.0830304896827,5.74580456976178
2068.428,28.9663073606405,5.70367356428737
2068.428,29.6812178274451,5.66799348988607
2068.428,30.7076246205288,5.60455961615691
2068.428,31.2628272251308,5.57061233117033
2068.428,31.8180298297329,5.5348464416309
2068.428,32.3732324343349,5.50029295512671
2068.428,32.928435038937,5.46573946862251
2068.428,33.7277134937744,5.42261334573354
2068.428,34.3921509965242,5.3784464500856
2068.428,34.9473536011263,5.35237978482805
2068.428,35.5025562057283,5.32510071653526
2068.428,36.0577588103304,5.29903405127771
2068.428,36.6129614149324,5.28509141637251
2068.428,37.1681640195345,5.26872397539684
2068.428,37.9926789563992,5.26245989304812
2068.428,38.6823529411764,5.30024645431294
2068.428,39.2375555457785,5.34146815751093
2068.428,39.7927581503805,5.38572086829701
2068.428,40.3479607549826,5.46816427469298
2068.428,40.9031633595846,5.58758597366362
2068.428,41.4078930001319,5.74849879872897
2068.428,42.0938008711337,5.92771068039145
2068.428,42.8584275595054,6.0193100970176
2068.428,43.6230542478771,6.04394707361924
2068.428,44.3876809362488,5.99374099046733
2068.428,45.1523076246205,5.92848851218532
2068.428,46.0608209776056,5.83443385259241
2068.428,46.8028509833252,5.72679503709496
2068.428,47.4104096088697,5.61960601128701
2068.428,48.0703242553565,5.53363403859567
2068.428,48.6255268599586,5.42512396694214
2068.428,49.1807294645606,5.31540149225338
2068.428,49.8930001319899,5.17619242882204
2068.428,50.5604470060275,5.02681701929783
2068.428,51.2501209908046,4.87287438439263
2068.428,51.8053235954067,4.75466508845722
2068.428,52.3605262000087,4.63403098645135
2068.428,52.9157288046108,4.50248525712836
2068.428,53.4709314092128,4.36669611718204
2068.428,54.0261340138149,4.23030077571811
2068.428,54.7207004267675,4.05597767960939
2068.428,55.4898499714021,3.8690046712181
2068.428,56.0450525760042,3.73624653885988
2068.428,56.6002551806062,3.60288220498403
2068.428,57.1554577852083,3.47376128173151
2068.428,57.7106603898103,3.35676438883134
2068.428,58.2658629944124,3.23794889137832
2068.428,58.9856658893923,3.08069286212508
2068.428,59.7800519160543,2.92211790069962
2068.428,60.3920366052179,2.80383282957451
2068.428,60.9951691671432,2.68773519900234
2068.428,61.6027277926877,2.55458815074718
2068.428,62.3541730828456,2.3654076219061
2068.428,63.1225658849927,2.18515162586773
2068.428,63.893598486515,2.05776796093931
2068.428,64.7282854503057,1.94360000845469
2068.428,65.5573232434334,1.815108114392
2068.428,66.4929561353336,1.67125474695806
2068.428,67.5246425271679,1.51739468622518
2068.428,68.865185445906,1.38721565809219
2068.428,70.0198186080714,1.30780482944165
2068.428,71.2121782744511,1.22596605440594
2068.428,72.6001847859562,1.19141256790175
2068.428,74.2657925997623,1.13261102069285
2068.428,75.5310132429935,1.10147745767368
2068.428,76.8715561617316,1.07248842763839
2068.428,78.2644551014122,1.0320902115787
2068.428,80.0554885828676,1.00238633721544
2068.428,81.4442518368603,0.9986404852994
2068.428,82.795723525012,0.993790873158459
2068.428,84.4165075454265,1.00196698442222
2068.428,86.2373003651722,1.00266661030204
2068.428,88.3424699722823,1.00024180423157
2068.428,90.0,1.0
2757.904,0.0,6.99336729301853
2757.904,0.979048792291788,6.98730527784236
2757.904,1.53425139689383,6.98245566570142
2757.904,2.08945400149589,6.97881845659571
2757.904,2.64465660609793,6.97396884445477
2757.904,3.19985921069999,6.96730062776098
2757.904,3.75506181530203,6.96063241106719
2757.904,4.31026441990409,6.95578279892625
2757.904,4.86546702450614,6.9472959776796
2757.904,5.42066962910819,6.94244636553866
2757.904,5.97587223371024,6.92850373063346
2757.904,6.53107483831228,6.91698590179873
2757.904,7.08627744291434,6.9091052820697
2757.904,7.64148004751639,6.89576884868212
2757.904,8.19668265211844,6.88243241529453
2757.904,8.75188525672049,6.87515799708312
2757.904,9.30708786132254,6.86242776521316
2757.904,9.86229046592459,6.85090993637842
2757.904,10.4174930705266,6.84242311513178
2757.904,10.9726956751286,6.82969288326181
2757.904,11.5278982797307,6.81575024835661
2757.904,12.0831008843327,6.80726342710997
2757.904,12.6383034889348,6.79635179979285
2757.904,13.1935060935368,6.7842277694405
2757.904,13.7487086981389,6.77452854515862
2757.904,14.3039113027409,6.76361691784151
2757.904,14.859113907343,6.74906808141869
2757.904,15.414316511945,6.7320944389254
2757.904,15.9695191165471,6.71027118429117
2757.904,16.5247217211491,6.68723552662171
2757.904,17.0799243257512,6.66662467502272
2757.904,17.6351269303532,6.64419521887087
2757.904,18.1903295349553,6.62176576271902
2757.904,18.7455321395573,6.60054870960241
2757.904,19.3007347441594,6.57690685041533
2757.904,19.8559373487614,6.55629599881634
2757.904,20.4111399533635,6.53022933355879
2757.904,20.9663425579655,6.50173786223076
2757.904,21.5215451625676,6.47385259242036
2757.904,22.0767477671696,6.44475491957472
2757.904,22.6319503717717,6.41747585128194
2757.904,23.1871529763737,6.38959058147153
2757.904,23.7423555809758,6.36231151317875
2757.904,24.2975581855778,6.33382004185073
2757.904,24.8527607901799,6.30593477204032
2757.904,25.4079633947819,6.2738060916066
2757.904,25.963165999384,6.24046500813764
2757.904,26.518368603986,6.20712392466867
2757.904,27.0735712085881,6.17438904271733
2757.904,27.6287738131901,6.14165416076599
2757.904,28.1839764177922,6.10831307729703
2757.904,28.7391790223942,6.07497199382807
2757.904,29.2943816269963,6.04223711187672
2757.904,29.8495842315983,6.00889602840776
2757.904,30.4047868362004,5.97494874342118
2757.904,30.9599894408024,5.94039525691699
2757.904,31.5151920454045,5.90523556889518
2757.904,32.0703946500065,5.87068208239098
2757.904,32.6255972546086,5.83612859588678
2757.904,33.1807998592106,5.80218131090021
2757.904,33.7360024638127,5.76702162287839
2757.904,34.2912050684147,5.72822472575088
2757.904,34.8464076730168,5.68639682103527
2757.904,35.4016102776188,5.64517511783728
2757.904,35.9568128822209,5.60274101160406
2757.904,36.5120154868229,5.57364333875842
2757.904,37.067218091425,5.54454566591278
2757.904,37.622420696027,5.51787279913761
2757.904,38.1776233006291,5.50089915664433
2757.904,38.7328259052311,5.50029295512671
2757.904,39.2880285098332,5.50029295512671
2757.904,39.8432311144352,5.50211155967956
2757.904,40.3984337190373,5.57728054786413
2757.904,40.9536363236393,5.70094565745809
2757.904,41.5312713567102,5.83518561574827
2757.904,42.0640415328434,5.93918285388175
2757.904,42.5940076554181,6.08696265984654
2757.904,43.0689123626604,6.19378749128109
2757.904,43.5782304544854,6.35503709496734
2757.904,44.1334330590874,6.45324174082137
2757.904,44.6886356636895,6.54538437149922
2757.904,45.2438382682916,6.57448204434486
2757.904,45.7990408728936,6.51871150472405
2757.904,46.3542434774956,6.43202468770476
2757.904,46.9094460820977,6.31927120542791
2757.904,47.4646486866997,6.20773012618629
2757.904,48.0198512913018,6.09315803935659
2757.904,48.5750538959039,5.96039990699837
2757.904,49.1302565005059,5.81976115491111
2757.904,49.685459105108,5.6803348058591
2757.904,50.24066170971,5.53545264314852
2757.904,50.7706278322847,5.38626644966286
2757.904,51.275357472832,5.24423343408509
2757.904,51.7800871133793,5.10420088351545
2757.904,52.2848167539266,4.96283468960706
2757.904,52.789546394474,4.82080167402929
2757.904,53.2942760350213,4.67410090676586
2757.904,53.7990056755686,4.52873378284119
2757.904,54.3037353161159,4.38336665891652
2757.904,54.8084649566632,4.2366658916531
2757.904,55.3131945972105,4.09196558939781
2757.904,55.8179242377579,3.94659846547314
2757.904,56.3226538783052,3.79989769820971
2757.904,56.8526200008799,3.65077212487581
2757.904,57.4078226054819,3.51619538796474
2757.904,57.963025210084,3.39253027837077
2757.904,58.518227814686,3.27128997484728
2757.904,59.0734304192881,3.12762021517194
2757.904,59.6286330238901,3.01729153896556
2757.904,60.0828897003827,2.93112432324708
2757.904,60.789511197149,2.77177992433049
2757.904,61.2858286770205,2.66407812136712
2757.904,61.8822121518764,2.5242780748663
2757.904,62.4829952923577,2.34734755130941
2757.904,63.1990320735624,2.18543820373998
2757.904,64.176848959479,2.03998604975586
2757.904,65.264657486031,1.86710997442455
2757.904,66.6104800035197,1.66233983640167
2757.904,68.5054687843723,1.39818553824692
2757.904,69.8855734964142,1.30897000697511
2757.904,71.3195301157111,1.24514721734902
2757.904,72.9546218487394,1.20096024180422
2757.904,74.7758018390602,1.13289129377945
2757.904,76.4361300541158,1.08459986049755
2757.904,78.4616868318007,1.03091560102301
2757.904,80.6758590347133,0.999246686817016
2757.904,82.8251954184813,0.996780593660386
2757.904,85.8579963922743,1.0
2757.904,90.0,1.00073936293884
3447.38,0.0,7.79829426560419
3447.38,0.979048792291788,7.76869903405127
3447.38,1.53425139689383,7.75354399611083
3447.38,2.08945400149589,7.73717655513516
3447.38,2.89702142637159,7.71110988987761
3447.38,3.7045888512473,7.68868043372577
3447.38,4.51215627612301,7.66382617150345
3447.38,5.06735888072506,7.64503392445731
3447.38,5.62256148532711,7.62442307285831
3447.38,6.17776408992917,7.60078121367123
3447.38,6.70268291609837,7.5794429202511
3447.38,7.21245985305117,7.56327249476865
3447.38,7.96955431387214,7.53009811671704
3447.38,8.75188525672049,7.4989393587115
3447.38,9.30708786132254,7.47590370104203
3447.38,9.86229046592459,7.45347424489019
3447.38,10.4174930705266,7.43225719177358
3447.38,10.9306348717497,7.41295977679609
3447.38,11.477425315676,7.38962101836781
3447.38,12.2345197764969,7.3601192111771
3447.38,13.0420872013726,7.32799053074337
3447.38,13.5972898059747,7.30556107459153
3447.38,14.1524924105767,7.28495022299253
3447.38,14.7076950151788,7.26130836380545
3447.38,15.232613841348,7.23669658219018
3447.38,15.7423907783008,7.20568937456405
3447.38,16.4994852391218,7.15801162520343
3447.38,17.1752210831976,7.12298577497833
3447.38,17.8874917506269,7.07702310244974
3447.38,18.442694355229,7.04246961594554
3447.38,18.997896959831,7.0097347339942
3447.38,19.5228157860002,6.97796977447105
3447.38,20.032592722953,6.9506300860265
3447.38,20.789687183774,6.91128760753312
3447.38,21.5720181266223,6.87030838494219
3447.38,22.1272207312244,6.84363551816702
3447.38,22.6824233358264,6.81575024835661
3447.38,23.2376259404285,6.78847118006383
3447.38,23.7507677416516,6.76392001860032
3447.38,24.2975581855778,6.73539486941021
3447.38,25.0294161643715,6.69857149500116
3447.38,25.7575080293897,6.65378580034241
3447.38,26.4174226758766,6.59994250808479
3447.38,26.9726252804786,6.55993320792204
3447.38,27.5278278850807,6.52234871382976
3447.38,28.0409696863038,6.48830039525691
3447.38,28.5625236482027,6.45051383399209
3447.38,29.3196181090237,6.39583445710299
3447.38,30.1524220159267,6.33685104943881
3447.38,30.7076246205288,6.2980541523113
3447.38,31.2628272251308,6.25440764304284
3447.38,31.8180298297329,6.21257973832723
3447.38,32.3732324343349,6.17044873285282
3447.38,32.8527255928549,6.13794117647058
3447.38,33.5845835716485,6.08042780748662
3447.38,34.3921509965242,6.00828982689015
3447.38,34.9473536011263,5.95433789182219
3447.38,35.5025562057283,5.90038595675424
3447.38,36.0577588103304,5.85007123079199
3447.38,36.5709006115535,5.8214787258777
3447.38,37.1176910554797,5.79517631558552
3447.38,37.8495490342733,5.75635247616833
3447.38,38.6823529411764,5.73125573333896
3447.38,39.2375555457785,5.71731309843376
3447.38,39.7927581503805,5.70640147111665
3447.38,40.3479607549826,5.73368053940943
3447.38,40.8728795811518,5.77902441292722
3447.38,41.2817105899951,5.82203441060218
3447.38,41.9264951863658,5.93628881232694
3447.38,42.6237669937084,6.11348407347128
3447.38,43.2495930309296,6.37935363868867
3447.38,43.9296581459808,6.66353716190032
3447.38,44.4362708434158,6.86431372549019
3447.38,44.9662369659905,7.07332527319228
3447.38,45.7485679088389,7.02185876434655
3447.38,46.2785340314136,6.91995628923506
3447.38,46.8085001539882,6.79028978461668
3447.38,47.3637027585903,6.67935490689268
3447.38,47.9189053631923,6.55831667054173
3447.38,48.3983985217123,6.45301441525226
3447.38,49.1050200184785,6.25180097651708
3447.38,49.7826389194421,6.07040265477372
3447.38,50.4173170839016,5.8757135549872
3447.38,50.9220467244489,5.72567867937688
3447.38,51.4520128470236,5.57000612965272
3447.38,51.8810330414888,5.44027900488258
3447.38,52.3642923137841,5.3022149887623
3447.38,52.8904923225834,5.12420553359683
3447.38,53.5195213163799,4.91872841411088
3447.38,54.0766069778696,4.7275207316128
3447.38,54.5308636543622,4.57637448655351
3447.38,55.0103568128822,4.42737688909555
3447.38,55.6412688635663,4.20665891653103
3447.38,56.2721809142505,3.99727691234596
3447.38,56.9535659289893,3.76595041322313
3447.38,57.5087685335914,3.62349305658303
3447.38,58.0639711381934,3.47800469235483
3447.38,58.6191737427955,3.34221555240852
3447.38,59.0608121782744,3.23643338758428
3447.38,59.5781600598354,3.09825311942958
3447.38,60.3251599278454,2.91435852127411
3447.38,61.054893161453,2.73200961016817
3447.38,61.7756170531039,2.5242780748663
3447.38,62.6178010471204,2.29644268774703
3447.38,63.9267015706806,2.06126482213438
3447.38,65.6020942408376,1.81225296442687
3447.38,68.0628272251308,1.45256916996047
3447.38,71.6230366492146,1.24505928853754
3447.38,75.9685863874345,1.09288537549406
3447.38,80.0523560209424,1.00988142292489
3447.38,82.82722513089,0.996047430830039
3447.38,86.3874345549738,0.996047430830039
3447.38,90.0,1.0
6894.76,0.0,8.6002988734121
6894.76,0.979048792291788,8.56706643275348
6894.76,1.53425139689383,8.55312379784827
6894.76,2.08945400149589,8.53433155080213
6894.76,4.51215627612301,8.46340597324089
6894.76,5.06735888072506,8.44703853226522
6894.76,5.62256148532711,8.4221842700429
6894.76,6.17776408992917,8.40096721692629
6894.76,6.53107483831228,8.38985352243664
6894.76,8.75188525672049,8.2973067574137
6894.76,9.30708786132254,8.27851451036756
6894.76,9.86229046592459,8.25244784511001
6894.76,10.4174930705266,8.22456257529961
6894.76,10.7960403009371,8.20592187863287
6894.76,13.0420872013726,8.06573777768383
6894.76,13.5972898059747,8.03421529876772
6894.76,14.1524924105767,8.00026801378114
6894.76,14.7076950151788,7.9675331318298
6894.76,15.0610057635619,7.94752848174842
6894.76,17.3322891460249,7.80870833421402
6894.76,17.8874917506269,7.77536725074506
6894.76,18.442694355229,7.74263236879372
6894.76,18.997896959831,7.70929128532476
6894.76,19.3512077082141,7.69191350848639
6894.76,21.5720181266223,7.5371300543214
6894.76,22.1272207312244,7.50075796326435
6894.76,22.6824233358264,7.4607486631016
6894.76,23.2376259404285,7.4225579674917
6894.76,23.616173170839,7.40073471285747
6894.76,25.8622200712745,7.22736107881887
6894.76,26.4174226758766,7.18492697258565
6894.76,26.9726252804786,7.14067426179958
6894.76,27.5278278850807,7.0964215510135
6894.76,27.9063751154912,7.0723250406882
6894.76,30.1524220159267,6.88546342288262
6894.76,30.7076246205288,6.84545412271987
6894.76,31.2628272251308,6.80180761345141
6894.76,31.8180298297329,6.76179831328866
6894.76,32.171340578116,6.73613578237619
6894.76,34.3921509965242,6.55750840185157
6894.76,34.9473536011263,6.50416266830123
6894.76,35.5025562057283,6.44899833019804
6894.76,36.0577588103304,6.39625879816532
6894.76,36.4363060407408,6.37216228784003
6894.76,38.6823529411764,6.2150045443977
6894.76,39.2375555457785,6.18772547610491
6894.76,39.7927581503805,6.15923400477689
6894.76,40.3479607549826,6.11558749550844
6894.76,40.7012715033657,6.08265054638455
6894.76,43.0735008139381,6.100432457568
6894.76,43.5736420032077,6.18348206548159
6894.76,43.8810682388138,6.32863365108888
6894.76,44.0577236130054,6.52053010927691
6894.76,45.220896011903,7.20371921963179
6894.76,45.5403669321131,7.34905603348058
6894.76,45.8495138369483,7.51599960142159
6894.76,46.2823001451889,7.58522204138572
6894.76,48.3731620396849,7.07641690093212
6894.76,48.8778916802322,6.91914128497248
6894.76,49.3321483567248,6.77244051770905
6894.76,49.8368779972721,6.61388514299
6894.76,51.8557965594614,5.95251928726934
6894.76,52.3605262000087,5.7988808804154
6894.76,52.7643099124466,5.64699372239013
6894.76,53.1933301069118,5.48428923506161
6894.76,54.7832284746359,4.81124389676819
6894.76,55.1870121870737,4.65438203739993
6894.76,55.5403229354568,4.50768127013651
6894.76,55.9441066478947,4.35484150972641
6894.76,57.7106603898103,3.69078142503857
6894.76,58.240626512385,3.54450499883747
6894.76,58.7453561529323,3.40647291327598
6894.76,59.275322275507,3.25007292173067
6894.76,61.5970786220247,2.59862357591257
6894.76,63.5602094240837,2.11660079051383
6894.76,66.1780104712041,1.71541501976284
6894.76,70.0523560209423,1.30039525691699
6894.76,73.089005235602,1.1897233201581
6894.76,76.4397905759161,1.09288537549406
6894.76,80.0523560209423,0.996047430830039
6894.76,83.2460732984293,0.996047430830039
6894.76,86.3874345549738,0.996047430830039
6894.76,90.0,1.0
13789.52,0.0,10.0
13789.52,0.423846187689736,9.99709581281308
13789.52,0.979048792291784,9.98800279004882
13789.52,1.53425139689383,9.98679038701358
13789.52,2.08945400149588,9.97527255817885
13789.52,2.83336706410313,9.96799813996744
13789.52,3.57840644111047,9.9629969774471
13789.52,4.51215627612301,9.95587410961509
13789.52,5.06735888072506,9.94496248229798
13789.52,5.62256148532711,9.92920124283993
13789.52,6.17776408992916,9.91404620489949
13789.52,6.84521096396673,9.89192745873052
13789.52,7.43958819129746,9.87464310625435
13789.52,8.15750802938976,9.86397395954429
13789.52,8.75188525672048,9.83342140305637
13789.52,9.30708786132253,9.8206911711864
13789.52,9.86229046592458,9.80189892414026
13789.52,10.4174930705266,9.77765086343556
13789.52,11.1101764265915,9.74578237619158
13789.52,11.7297901359496,9.71157489801526
13789.52,12.3953539530995,9.68210090676586
13789.52,13.0420872013726,9.6473175371478
13789.52,13.5972898059747,9.62003846885502
13789.52,14.1524924105767,9.59215319904461
13789.52,14.7076950151788,9.56366172771659
13789.52,15.3751418892164,9.53184375726575
13789.52,15.9695191165471,9.48121832132062
13789.52,16.6874389546394,9.42821111369448
13789.52,17.3322891460249,9.3836198769842
13789.52,17.8874917506269,9.34664158440954
13789.52,18.442694355229,9.3072384857644
13789.52,18.997896959831,9.27086639470736
13789.52,19.6653438338686,9.2223854917461
13789.52,20.2597210611993,9.1750865549238
13789.52,20.9524044172642,9.11513833992094
13789.52,21.5720181266223,9.05505865443554
13789.52,22.1272207312244,9.00777493606137
13789.52,22.6824233358264,8.95746021009913
13789.52,23.2376259404285,8.90593308110164
13789.52,23.877953275551,8.85007672634271
13789.52,24.5499230058515,8.78893618820147
13789.52,25.190250340974,8.73338293420134
13789.52,25.8622200712745,8.6513284437023
13789.52,26.4174226758766,8.59373929952865
13789.52,26.9726252804786,8.5331191477669
13789.52,27.5278278850807,8.47371139904039
13789.52,28.1681552202032,8.39614043245756
13789.52,28.789651986449,8.3318602439179
13789.52,29.4552158035989,8.26527412229713
13789.52,30.1524220159267,8.18212846906638
13789.52,30.7076246205288,8.1202959142694
13789.52,31.2628272251308,8.0578571579548
13789.52,31.8180298297329,7.99481220012259
13789.52,32.433120682828,7.91936293885142
13789.52,33.0798539311012,7.85114244044725
13789.52,33.7201812662237,7.78482910950941
13789.52,34.3921509965242,7.69959206104288
13789.52,34.9473536011263,7.63169749106972
13789.52,35.5025562057283,7.56259051806133
13789.52,36.0577588103304,7.49287734353532
13789.52,36.6457301245105,7.42474540804464
13789.52,37.3195829116987,7.33465874743716
13789.52,37.9851467288485,7.25970704487328
13789.52,38.6823529411764,7.1831083680328
13789.52,39.2375555457785,7.12855023144723
13789.52,39.7927581503805,7.07096108727357
13789.52,40.3479607549826,7.01397814461752
13789.52,40.8059835452505,6.96902580795163
13789.52,41.243292709754,6.933633615861
13789.52,42.0135685687887,6.87794652406416
13789.52,42.9220819217739,6.84727272727272
13789.52,43.6343525892032,6.87080594364946
13789.52,44.1895551938052,6.96344613303459
13789.52,44.7989968762373,7.07894598155467
13789.52,45.3485503101764,7.36453582223403
13789.52,45.6532300878466,7.68820894365651
13789.52,45.8943786938859,7.87269627218476
13789.52,46.101878657222,8.03326269638289
13789.52,46.6374939504597,8.22541618228318
13789.52,47.4646486866997,8.15424319925598
13789.52,48.1302125038496,8.00322343641013
13789.52,48.650763341986,7.82349965124389
13789.52,49.1050200184785,7.66662985352243
13789.52,49.5088037309164,7.52493024877935
13789.52,49.963060407409,7.36872727272727
13789.52,50.3536627216331,7.20065752150662
13789.52,50.9454001495886,6.94679841897233
13789.52,51.5024858110783,6.68575370068976
13789.52,51.9062695235161,6.5167196997376
13789.52,52.2595802718993,6.36239811339555
13789.52,52.7699590831096,6.13840900787192
13789.52,53.3195125170486,5.90281076282471
13789.52,53.7270623432619,5.73019762845849
13789.52,54.0766069778696,5.56401147020072
13789.52,54.4803906903075,5.40122230710465
13789.52,54.8337014386906,5.24880592553226
13789.52,55.2122486691011,5.09436526389211
13789.52,55.7365656210127,4.84808310963623
13789.52,56.3011835100532,4.60326900720762
13789.52,56.7012011087157,4.42448732852824
13789.52,57.1302213031809,4.25833759590792
13789.52,57.5340050156187,4.10913624738432
13789.52,58.0948567908838,3.91043362008835
13789.52,58.5630516080777,3.72782270507915
13789.52,59.2304984821153,3.48795163915368
13789.52,59.6538695059175,3.31045059288537
13789.52,60.1081261824101,3.15474773308532
13789.52,60.5642659157903,2.99204836084631
13789.52,61.0708786132253,2.80733875842827
13789.52,62.0285837476351,2.45377447105324
13789.52,63.5078534031413,2.13043478260869
13789.52,66.3874345549738,1.70158102766798
13789.52,69.9999999999999,1.30039525691699
13789.52,72.7225130890052,1.20355731225296
13789.52,76.3350785340314,1.09288537549406
13789.52,79.9999999999999,0.996047430830039
13789.52,83.4554973821989,1.00988142292489
13789.52,86.2827225130889,1.00988142292489
13789.52,90.0,0.996047430830039
20684.28,0.0,10.8032351884339
20684.28,0.979048792291784,10.78152057661
20684.28,1.53425139689383,10.7675779417048
20684.28,2.08945400149588,10.7572725159053
20684.28,2.64465660609793,10.7481794931411
20684.28,3.17462272867262,10.7348430597535
20684.28,4.51215627612301,10.7081701929783
20684.28,5.06735888072506,10.696046162626
20684.28,5.62256148532711,10.683315930756
20684.28,6.17776408992916,10.662705079157
20684.28,6.73296669453121,10.6481562427342
20684.28,7.28816929913326,10.6311826002409
20684.28,7.64148004751638,10.621483375959
20684.28,8.75188525672048,10.5857174864196
20684.28,9.30708786132253,10.5693500454439
20684.28,9.86229046592458,10.551770201433
20684.28,10.4174930705266,10.5269159392107
20684.28,10.9726956751286,10.5002430724355
20684.28,11.5278982797307,10.4723578026251
20684.28,11.8812090281138,10.4547779586142
20684.28,13.0420872013726,10.3953702098877
20684.28,13.5972898059747,10.3705159476654
20684.28,14.1524924105767,10.342630677855
20684.28,14.7076950151788,10.3147454080446
20684.28,15.2628976197808,10.2820105260932
20684.28,15.8181002243829,10.2426074274481
20684.28,16.171410972766,10.2236131132294
20684.28,17.3322891460249,10.1371283633827
20684.28,17.8874917506269,10.0977252647375
20684.28,18.442694355229,10.0583221660924
20684.28,18.997896959831,10.0195252689649
20684.28,19.553099564433,9.98194077487264
20684.28,20.1083021690351,9.93647566105134
20684.28,20.4363764353909,9.90798418972331
20684.28,21.6224910906771,9.7685578406713
20684.28,22.1776936952791,9.70793768890955
20684.28,22.7328962998812,9.6473175371478
20684.28,23.2880989044832,9.58609118386844
20684.28,23.8433015090853,9.52668343514193
20684.28,24.3985041136873,9.46606328338018
20684.28,24.7265783800431,9.44120902115786
20684.28,25.8622200712745,9.29511445541205
20684.28,26.4174226758766,9.23025089302698
20684.28,26.9726252804786,9.16417492760668
20684.28,27.5278278850807,9.09567415611591
20684.28,28.0830304896827,9.0295981906956
20684.28,28.6382330942848,8.9635222252753
20684.28,28.9663073606405,8.93109044408277
20684.28,30.1524220159267,8.77681215784912
20684.28,30.7076246205288,8.70285557269979
20684.28,31.2628272251308,8.62647418147999
20684.28,31.8180298297329,8.55009279026019
20684.28,32.3732324343349,8.474317600558
20684.28,32.928435038937,8.39733000782058
20684.28,33.2565093052927,8.36429202511043
20684.28,34.3921509965242,8.19788970852444
20684.28,34.9473536011263,8.13120754158652
20684.28,35.5025562057283,8.06149436706051
20684.28,36.0577588103304,7.99238739405212
20684.28,36.6129614149324,7.92267421952611
20684.28,37.1681640195345,7.86144786624674
20684.28,37.5214747679176,7.81638688677051
20684.28,38.6823529411764,7.66140136543298
20684.28,39.2375555457785,7.59593160153029
20684.28,39.7927581503805,7.52621842700428
20684.28,40.3479607549826,7.46559827524254
20684.28,40.9031633595846,7.40922153410411
20684.28,41.4583659641867,7.35587580055378
20684.28,41.8116767125698,7.33849802371541
20684.28,42.9220819217739,7.27828200629874
20684.28,43.4772845263759,7.26009596077022
20684.28,44.032487130978,7.30253006700344
20684.28,44.58768973558,7.35830060662425
20684.28,45.0671828941,7.43074168797953
20684.28,45.2943112323463,7.60161474075796
20684.28,45.7485679088389,7.99220553359683
20684.28,45.9953246219953,8.16387506781368
20684.28,46.2028245853315,8.33511857707509
20684.28,46.4047164415504,8.49506316360536
20684.28,46.8085001539882,8.62586797996237
20684.28,47.2122838664261,8.6316875145315
20684.28,47.9038409080909,8.5074478803379
20684.28,48.726472788068,8.21616235426976
20684.28,49.0797835364512,8.07231939416082
20684.28,49.4330942848343,7.93228684359118
20684.28,49.7864050332174,7.78844388348224
20684.28,50.1649522636279,7.63162171588002
20684.28,50.5574376347397,7.43437340153452
20684.28,51.0588838676831,7.16747467366392
20684.28,51.4940736504025,6.92334340850964
20684.28,51.8576796163491,6.73755025258396
20684.28,52.2330626072418,6.55737456405486
20684.28,52.6307184653966,6.34267844687281
20684.28,53.1176206608297,6.10561884832984
20684.28,53.4438118702978,5.9559544292025
20684.28,53.7809796169776,5.79895506028498
20684.28,54.1523164239517,5.65449546617065
20684.28,54.5056271723348,5.49584747733085
20684.28,54.9926525584055,5.23125598697977
20684.28,55.5586767405677,4.94501236498911
20684.28,56.2721809142505,4.59332022453249
20684.28,56.8059131506005,4.3676912345966
20684.28,57.5004795635531,4.09154150197628
20684.28,58.5370583835628,3.71540106951871
20684.28,88.4317479871528,0.996801408310357
20684.28,59.7905759162303,3.26482213438735
20684.28,62.9319371727748,2.22727272727272
20684.28,64.9738219895287,1.89525691699604
20684.28,66.9109947643978,1.60474308300394
20684.28,68.9528795811518,1.38339920948616
20684.28,71.7277486910994,1.24505928853754
20684.28,74.240837696335,1.14822134387351
20684.28,76.7539267015706,1.0790513833992
20684.28,79.9999999999999,1.00988142292489
20684.28,83.8219895287957,0.996047430830039
20684.28,86.7015706806282,0.996047430830039
20684.28,90.0,1.0
34473.8,0.0,12.2412046262753
34473.8,1.73553748086813,12.1562167269138
34473.8,2.79509989620412,12.1033630764285
34473.8,3.85466231154011,12.0501917662577
34473.8,4.91422472687609,11.9957498173451
34473.8,5.97378714221208,11.9247895647883
34473.8,7.03334955754807,11.8512880347479
34473.8,8.09291197288406,11.7768335256511
34473.8,9.15247438822004,11.7036496552961
34473.8,10.212036803556,11.6234772718609
34473.8,11.271599218892,11.5296455219508
34473.8,12.331161634228,11.4348607929843
34473.8,13.3907240495639,11.3391230849614
34473.8,14.4502864648999,11.2437030366239
34473.8,15.5098488802359,11.1393885170935
34473.8,16.5694112955719,11.0217322907736
34473.8,17.6289737109079,10.9050290435101
34473.8,18.6885361262439,10.7880081365611
34473.8,19.7480985415799,10.671622548983
34473.8,20.8076609569159,10.5485661080103
34473.8,21.8672233722519,10.421062431441
34473.8,22.9267857875878,10.2935587548717
34473.8,23.9863482029238,10.1666903976733
34473.8,25.0459106182598,10.0388690614186
34473.8,26.1054730335958,9.90151793459998
34473.8,27.1650354489318,9.76448446746679
34473.8,28.2245978642678,9.6264980212772
34473.8,29.2841602796038,9.48851157508762
34473.8,30.3437226949398,9.34861917078525
34473.8,31.4032851102757,9.20364421151546
34473.8,32.4628475256117,9.05835159256021
34473.8,33.5224099409477,8.91305897360496
34473.8,34.5819723562837,8.76046018188404
34473.8,35.6415347716197,8.60087287708293
34473.8,36.7010971869557,8.44255621102366
34473.8,37.7606596022917,8.28709848213357
34473.8,38.8202220176277,8.12496989984874
34473.8,39.8797844329636,7.97046515001504
34473.8,40.9393468482996,7.85439722212246
34473.8,41.9989092636356,7.6986218335469
34473.8,43.0584716789716,7.54348176434227
34473.8,44.1180340943076,7.44266150135195
34473.8,45.3794179220885,7.33892424461769
34473.8,46.3033815759381,7.45366664714029
34473.8,46.6191780271075,7.80525506927408
34473.8,46.6912571029807,8.10514705431932
34473.8,46.8426231623144,8.45439416053205
34473.8,46.9435338685369,8.81269319893991
34473.8,47.599453458983,9.03922617407957
34473.8,48.5328774915409,8.86454661211746
34473.8,49.3401631413207,8.5799335231531
34473.8,50.0717657614336,8.30701253354099
34473.8,50.7024576753241,8.02511430924936
34473.8,51.307921912659,7.74616199956211
34473.8,51.9133861499938,7.46720968987486
34473.8,52.493622710773,7.19426660043014
34473.8,53.023403918441,6.90939763072484
34473.8,53.5279574495534,6.62931489147302
34473.8,54.0325109806658,6.34789798154226
34473.8,54.5370645117782,6.06781524229045
34473.8,55.0416180428905,5.78773250303864
34473.8,55.5461715740029,5.5083168491263
34473.8,56.0507251051153,5.22890119521396
34473.8,56.5552786362277,4.9474842852832
34473.8,57.1102875204513,4.65584804381323
34473.8,57.7157517577861,4.37911935192423
34473.8,58.321215995121,4.10405837338391
34473.8,58.9519079090114,3.82173253028492
34473.8,59.6078274994575,3.52730973010414
34473.8,60.2132917367924,3.22667286906938
34473.8,61.2979762735519,2.76813195818939
34473.8,62.8681088625261,2.23698633879103
34473.8,65.1919050942079,1.87205333690943
34473.8,68.2065596650383,1.44081839772387
34473.8,72.0376831821353,1.24223708401937
34473.8,76.3712491277041,1.09357054814535
34473.8,80.0139567341242,1.0112059495753
34473.8,85.2267969295184,1.01216785497579
34473.8,90.0,0.996441281138789
