z_m_kg13,pr_kpa
0.052508,623296.342662
0.054303,607513.021818
0.056159,591082.903567
0.058079,576625.061293
0.060064,562023.566424
0.062117,548276.513297
0.064240,534865.712030
0.066435,521782.937929
0.068706,508120.578059
0.071055,494378.516764
0.073483,482286.056339
0.075995,470073.445668
0.078592,457360.364595
0.081279,443419.634962
0.084057,431427.403066
0.086930,417907.358729
0.089901,404811.004675
0.092974,392472.023851
0.096152,379836.673195
0.099438,367933.375848
0.102837,355458.716048
0.106352,343103.420334
0.109987,331177.579084
0.113746,319383.667599
0.117634,307465.416958
0.121655,295991.912598
0.125813,285198.684908
0.130113,274070.873016
0.134561,263377.243342
0.139160,252877.104077
0.143917,242580.936274
0.148836,232498.268830
0.153923,222834.678766
0.159184,213572.747489
0.162335,206058.086603
0.167415,199688.937384
0.173137,191050.797766
0.178983,181727.059573
0.184805,173909.854934
0.191504,166134.787414
0.197180,158186.821239
0.203593,151726.900374
0.210636,144980.207397
0.216879,137800.321111
0.223933,132172.929633
0.228971,126429.834922
0.235606,122988.797983
0.239599,117564.527718
0.247442,112678.059497
0.255541,107280.710748
0.260600,102958.178881
0.267253,99599.461270
0.276387,94451.923960
0.280285,91128.587125
0.289055,87689.209708
0.293131,84081.657263
0.303150,81302.771205
0.309152,76828.571132
0.317933,73994.319131
0.322959,70899.994742
0.332504,68696.359962
0.338139,65319.049144
0.347743,63104.428318
0.353636,60002.032958
0.363680,57967.683813
0.369843,55117.825600
0.380348,53249.073895
0.386175,50852.377999
0.396667,48462.419040
0.408454,45527.462851
0.419689,43665.235349
0.427228,41330.108640
0.438748,39381.705719
0.451210,37050.273220
0.464025,34949.471786
0.477205,32862.987901
0.490759,30868.288735
0.504698,29010.053028
0.519033,27220.312452
0.533776,25527.437852
0.548937,23939.845820
0.564528,22391.498649
0.580563,20943.293266
0.597052,19609.553732
0.613438,18378.080786
0.627923,17310.483007
0.642751,16237.745677
0.660390,15200.085948
0.678514,14220.349934
0.695185,13311.610215
0.713597,12483.003922
0.730448,11696.489283
0.746999,11047.929218
0.763925,10407.679984
0.781234,9785.043150
0.798936,9211.868183
0.817039,8678.022297
0.835552,8148.045064
0.854485,7650.434177
0.873846,7183.212983
0.893647,6762.444489
0.913895,6336.831249
0.934603,5941.945281
0.955780,5590.176761
0.977437,5238.343449
0.999584,4895.646927
1.022234,4593.615837
1.045396,4301.649530
1.069084,4022.899851
1.093308,3774.711849
1.118081,3534.794381
1.143415,3305.737414
1.169323,3099.737085
1.195819,2895.028888
1.222915,2709.225633
1.250624,2535.347251
1.278962,2367.911643
1.307942,2220.352864
1.337578,2073.719643
1.367886,1940.628101
1.398880,1814.874142
1.430577,1695.018941
1.462992,1586.232449
1.496142,1483.443558
1.530043,1388.235996
1.564711,1298.277404
1.600166,1213.343081
1.636424,1136.224029
1.673503,1061.891366
1.711422,995.058281
1.750201,929.960791
1.789858,871.431124
1.830414,814.421419
1.871889,764.176662
1.914304,714.183628
1.957680,671.457772
2.002038,628.363542
2.047402,589.206441
2.093793,552.856053
2.141236,518.748259
2.189754,486.744705
2.239371,457.018622
2.290112,429.677598
2.342003,405.314287
2.395070,381.319316
2.449340,357.794276
2.504839,336.612532
2.561595,316.894900
2.619638,298.332261
2.678995,281.789999
2.739698,266.341603
2.801776,250.906583
2.867937,235.201739
2.946644,220.171366
3.027510,206.344683
3.099001,194.357951
3.172181,182.959630
3.259237,171.935531
3.351810,160.900691
3.447012,150.653993
3.544918,141.209627
3.645605,132.146778
3.749152,124.059957
3.855640,116.591689
3.965152,109.631164
4.077775,103.250423
4.193597,97.034866
4.312709,91.922262
4.447643,86.940516
4.579797,81.935734
4.703886,77.916934
4.810470,74.480503
4.919469,71.526980
5.030938,68.327032
5.144933,65.748231
5.246795,63.099117
5.380730,60.124470
5.540609,57.116202
5.677086,54.572710
5.868780,51.988193
6.033058,49.152048
6.206899,47.064466
6.361777,45.048469
6.509573,43.463417
6.638453,41.956394
6.807912,40.405024
7.011090,38.393121
7.252179,36.654657
7.494059,34.971707
7.737812,33.265004
7.919476,31.991321
8.213134,30.580383
8.408648,29.465281
8.637798,28.390842
8.808814,27.391896
9.073523,26.418083
9.342447,25.329638
9.661771,24.622814
10.020034,23.083314
10.449953,21.544585
10.785533,20.790468
11.163111,19.835901
11.558531,19.001833
11.929711,18.138554
12.362174,17.362689
12.784713,16.582257
13.147840,15.878980
13.597232,15.232450
14.061984,14.547769
14.542622,13.943103
15.039688,13.316377
15.406336,12.794539
15.928462,12.308381
16.449844,11.765535
16.822577,11.351559
17.300392,10.961839
17.791779,10.496932
18.399900,10.069538
19.028808,9.616924
19.679211,9.168423
20.343704,8.720982
21.047470,8.392364
21.766871,7.986832
22.764467,7.527307
23.476711,7.182608
24.211239,6.884070
24.869048,6.543148
25.749959,6.240362
26.555612,5.965139
27.424849,5.702054
28.322539,5.498992
29.126990,5.265772
30.122549,5.042443
31.152136,4.824317
32.152527,4.606305
33.278118,4.394813
34.264426,4.213743
35.435582,4.056502
36.299456,3.897537
37.477138,3.762729
38.541609,3.627126
