ps0_kpa,angle_deg,iralpha_kpa_ms_kg13
4.826332,0.0,20.422828106706202
4.826332,2.97917234564536,20.31645076343759
4.826332,5.86596190541093,20.31645076343759
4.826332,8.17468822406978,20.31645076343759
4.826332,10.4834145427286,20.31645076343759
4.826332,12.7921408613874,20.22919778239459
4.826332,15.1008671800463,20.05581438608007
4.826332,17.4095934987051,20.05581438608007
4.826332,19.718319817364,20.025009811226248
4.826332,22.0270461360228,19.79852166958098
4.826332,24.3357724546817,19.79852166958098
4.826332,26.6444987733406,19.5986808249104
4.826332,28.9532250919994,19.544529718669985
4.826332,31.2619514106583,19.311598560643702
4.826332,33.5706777293171,19.193225622023636
4.826332,35.879404047976,19.046279276951026
4.826332,38.1881303666348,18.819286253740295
4.826332,40.4968566852937,18.63505753771358
4.826332,42.8055830039525,18.429955074036826
4.826332,45.1143093226114,18.215906542965307
4.826332,47.4230356412702,17.97116474425253
4.826332,49.7317619599291,17.74061565226903
4.826332,52.0404882785879,17.480750401314715
4.826332,54.3492145972468,17.203523507354593
4.826332,56.6579409159056,16.889105015349994
4.826332,58.9666672345645,16.616152014924133
4.826332,61.2753935532233,16.28741354833925
4.826332,63.5841198718822,15.979909992359348
4.826332,65.892846190541,15.620480183477378
4.826332,68.2015725091999,15.255059055096817
4.826332,70.5102988278587,14.893607120551623
4.826332,72.8190251465176,14.518385687306294
4.826332,75.1277514651765,14.130879774150277
4.826332,77.4364777838353,13.728370662013186
4.826332,79.7452041024942,13.312748104737404
4.826332,82.053930421153,12.905740251100307
4.826332,84.3626567398119,12.461274379705875
4.826332,87.2494462995775,11.958409382062694
4.826332,90.0,11.430109327198084
6.89476,0.0,27.131994869413816
6.89476,3.02363874880741,26.99067117434549
6.89476,5.86596190541093,26.99067117434549
6.89476,8.17468822406978,26.99067117434549
6.89476,10.4834145427286,26.99067117434549
6.89476,12.7921408613874,26.81698289964112
6.89476,15.1008671800463,26.644412330256944
6.89476,17.4095934987051,26.644412330256944
6.89476,19.718319817364,26.513675751293572
6.89476,22.0270461360228,26.30259558345207
6.89476,24.3357724546817,26.246053984078475
6.89476,26.6444987733406,25.96516394700166
6.89476,28.9532250919994,25.806007119641926
6.89476,31.2619514106583,25.63206116505217
6.89476,33.5706777293171,25.35774219065039
6.89476,35.879404047976,25.140402308407985
6.89476,38.1881303666348,24.88664198647497
6.89476,40.4968566852937,24.6051675028945
6.89476,42.8055830039525,24.304450870102002
6.89476,45.1143093226114,23.992653100786526
6.89476,47.4230356412702,23.670297193770477
6.89476,49.7317619599291,23.330745072506648
6.89476,52.0404882785879,22.967803005377863
6.89476,54.3492145972468,22.617459100218408
6.89476,56.6579409159056,22.197268315095187
6.89476,58.9666672345645,21.79828243998357
6.89476,61.2753935532233,21.36045155861342
6.89476,63.5841198718822,20.931414759126096
6.89476,65.892846190541,20.454323578236487
6.89476,68.2015725091999,19.981962877755173
6.89476,70.5102988278587,19.490528231800948
6.89476,72.8190251465176,18.98781623515487
6.89476,75.1277514651765,18.486700474374054
6.89476,77.4364777838353,17.93804662607263
6.89476,79.7452041024942,17.384285312552304
6.89476,82.053930421153,16.82691427825848
6.89476,84.3626567398119,16.277402322331852
6.89476,87.1605134932534,15.606140686139735
6.89476,90.0,14.893779539768534
10.34214,0.0,37.46883462357444
10.34214,2.97917234564536,37.46883462357444
10.34214,5.86596190541093,37.273668946137434
10.34214,8.17468822406978,37.273668946137434
10.34214,10.4834145427286,37.273668946137434
10.34214,12.7921408613874,37.25075830272344
10.34214,15.1008671800463,36.79549122907131
10.34214,17.4095934987051,36.79549122907131
10.34214,19.718319817364,36.61494618326815
10.34214,22.0270461360228,36.32344797463165
10.34214,24.3357724546817,36.12300208114373
10.34214,26.6444987733406,35.857460484814645
10.34214,28.9532250919994,35.53920076109296
10.34214,31.2619514106583,35.29964800219132
10.34214,33.5706777293171,34.94334304210074
10.34214,35.879404047976,34.50566695091528
10.34214,38.1881303666348,34.157376217673935
10.34214,40.4968566852937,33.77104728520649
10.34214,42.8055830039525,33.31731269684011
10.34214,45.1143093226114,32.87978080974112
10.34214,47.4230356412702,32.418082566595125
10.34214,49.7317619599291,31.864756655271773
10.34214,52.0404882785879,31.359414074917133
10.34214,54.3492145972468,30.843116015167567
10.34214,56.6579409159056,30.242203195939965
10.34214,58.9666672345645,29.689484567125444
10.34214,61.2753935532233,29.02169070790662
10.34214,63.5841198718822,28.412557322724766
10.34214,65.892846190541,27.782024449824366
10.34214,68.2015725091999,27.115422545261378
10.34214,70.5102988278587,26.41604446553403
10.34214,72.8190251465176,25.71098168148512
10.34214,75.1277514651765,25.001668496384596
10.34214,77.4364777838353,24.267120634505773
10.34214,79.7452041024942,23.481853676870525
10.34214,82.053930421153,22.7359723046102
10.34214,84.3626567398119,21.96646111083257
10.34214,87.2939127027395,20.957331664099243
10.34214,90.0,20.025318910572945
13.78952,0.0,46.78103136752037
13.78952,3.02363874880741,46.78103136752037
13.78952,5.86596190541093,46.89604512575196
13.78952,8.17468822406978,46.422689315351256
13.78952,10.4834145427286,46.422689315351256
13.78952,12.7921408613874,46.422689315351256
13.78952,15.1008671800463,46.18070706829646
13.78952,17.4095934987051,45.82714033333503
13.78952,19.718319817364,45.798972210889694
13.78952,22.0270461360228,45.239231550437175
13.78952,24.3357724546817,45.07264716642044
13.78952,26.6444987733406,44.658864951810315
13.78952,28.9532250919994,44.30332765105794
13.78952,31.2619514106583,43.92360614658681
13.78952,33.5706777293171,43.46688847340653
13.78952,35.879404047976,42.96205687774557
13.78952,38.1881303666348,42.41090377532498
13.78952,40.4968566852937,41.91833655972085
13.78952,42.8055830039525,41.355138177885
13.78952,45.1143093226114,40.69928781430534
13.78952,47.4230356412702,40.10312301096192
13.78952,49.7317619599291,39.46712833251871
13.78952,52.0404882785879,38.76964143217418
13.78952,54.3492145972468,38.0376772950154
13.78952,56.6579409159056,37.34248545659104
13.78952,58.9666672345645,36.569948511254665
13.78952,61.2753935532233,35.79138064909622
13.78952,63.5841198718822,35.00785718840633
13.78952,65.892846190541,34.17838431259963
13.78952,68.2015725091999,33.327556833787106
13.78952,70.5102988278587,32.43802092929402
13.78952,72.8190251465176,31.55282116919884
13.78952,75.1277514651765,30.67291257104715
13.78952,77.4364777838353,29.762592660577038
13.78952,79.7452041024942,28.808351128282673
13.78952,82.053930421153,27.85899879401233
13.78952,84.3626567398119,26.92437195999153
13.78952,87.2049798964154,25.782317376046308
13.78952,90.0,24.47979721135577
20.68428,0.0,62.956876770551034
20.68428,2.9347059424833,63.111659741174776
20.68428,5.86596190541093,62.801746370504034
20.68428,8.17468822406978,62.474627966695444
20.68428,10.4834145427286,62.474627966695444
20.68428,12.7921408613874,62.474627966695444
20.68428,15.1008671800463,61.82501676167453
20.68428,17.4095934987051,61.673151325937745
20.68428,19.718319817364,61.16335420238103
20.68428,22.0270461360228,60.88195669607922
20.68428,24.3357724546817,60.17486363224865
20.68428,26.6444987733406,59.76925364972429
20.68428,28.9532250919994,59.275194355969084
20.68428,31.2619514106583,58.5687542490793
20.68428,33.5706777293171,57.924130760976226
20.68428,35.879404047976,57.21620021923846
20.68428,38.1881303666348,56.4995497592562
20.68428,40.4968566852937,55.68905964102244
20.68428,42.8055830039525,54.80588788480994
20.68428,45.1143093226114,53.98648970901148
20.68428,47.4230356412702,53.130318977535644
20.68428,49.7317619599291,52.15928796952737
20.68428,52.0404882785879,51.15879972469451
20.68428,54.3492145972468,50.19293041780209
20.68428,56.6579409159056,49.184776907364665
20.68428,58.9666672345645,48.10805324047005
20.68428,61.2753935532233,47.02597778509039
20.68428,63.5841198718822,45.92586526207064
20.68428,65.892846190541,44.782599161606946
20.68428,68.2015725091999,43.60072200571465
20.68428,70.5102988278587,42.42394393586473
20.68428,72.8190251465176,41.22819752262002
20.68428,75.1277514651765,40.00461469556682
20.68428,77.4364777838353,38.76964143217418
20.68428,79.7452041024942,37.53815631386118
20.68428,82.053930421153,36.278808537223185
20.68428,84.3626567398119,34.99709656514652
20.68428,87.2494462995775,33.564172807414565
20.68428,90.0,32.04194455746835
34.4738,0.0,88.53341461968665
34.4738,2.97917234564536,88.53341461968665
34.4738,5.86596190541093,88.45180020539823
34.4738,8.17468822406978,87.45138701995887
34.4738,10.4834145427286,87.39763412681154
34.4738,12.7921408613874,87.39763412681162
34.4738,15.1008671800463,86.48887349439359
34.4738,17.4095934987051,86.2764243735102
34.4738,19.718319817364,85.30061526238548
34.4738,22.0270461360228,84.93427504611884
34.4738,24.3357724546817,84.07697178126044
34.4738,26.6444987733406,83.07494478535666
34.4738,28.9532250919994,82.21113147833185
34.4738,31.2619514106583,81.3062936170196
34.4738,33.5706777293171,80.31259362133888
34.4738,35.879404047976,79.23354501204747
34.4738,38.1881303666348,78.02494053330621
34.4738,40.4968566852937,76.76394170552587
34.4738,42.8055830039525,75.47690130433648
34.4738,45.1143093226114,74.27991453695137
34.4738,47.4230356412702,72.76558690004873
34.4738,49.7317619599291,71.50160752913894
34.4738,52.0404882785879,69.93633717744785
34.4738,54.3492145972468,68.53162613057953
34.4738,56.6579409159056,67.0313728321952
34.4738,58.9666672345645,65.42302204853972
34.4738,61.2753935532233,63.81401397088634
34.4738,63.5841198718822,62.206318428128945
34.4738,65.892846190541,60.58322619152239
34.4738,68.2015725091999,58.89375122052583
34.4738,70.5102988278587,57.181031694169924
34.4738,72.8190251465176,55.50105563269018
34.4738,75.1277514651765,53.70508050409343
34.4738,77.4364777838353,52.047163310398915
34.4738,79.7452041024942,50.30106052241877
34.4738,82.053930421153,48.56872248816658
34.4738,84.3626567398119,46.8528140669273
34.4738,87.2939127027395,44.64548238948452
34.4738,90.0,42.82848509967072
68.9476,0.0,133.13136985172784
68.9476,2.84577313615919,133.13136985172784
68.9476,5.86596190541093,132.5183538825791
68.9476,8.17468822406978,132.1115854030704
68.9476,10.4834145427286,132.1115854030704
68.9476,12.7921408613874,131.2210843763607
68.9476,15.1008671800463,130.41674778466142
68.9476,17.4095934987051,129.21947773035706
68.9476,19.718319817364,128.38793456493457
68.9476,22.0270461360228,127.09202198534115
68.9476,24.3357724546817,125.57734282533733
68.9476,26.6444987733406,124.1570299627031
68.9476,28.9532250919994,122.67732995545825
68.9476,31.2619514106583,120.99188370889783
68.9476,33.5706777293171,119.10968730914094
68.9476,35.879404047976,117.0766714408406
68.9476,38.1881303666348,115.18453868895094
68.9476,40.4968566852937,112.97513780502497
68.9476,42.8055830039525,110.91035889810638
68.9476,45.1143093226114,108.58247238566027
68.9476,47.4230356412702,106.43424724677116
68.9476,49.7317619599291,104.07225318445408
68.9476,52.0404882785879,101.54392160339577
68.9476,54.3492145972468,99.07701331613755
68.9476,56.6579409159056,96.610616874543
68.9476,58.9666672345645,94.11877491271372
68.9476,61.2753935532233,91.46597611373849
68.9476,63.5841198718822,88.80600693125965
68.9476,65.892846190541,86.24990495263023
68.9476,68.2015725091999,83.69015437228761
68.9476,70.5102988278587,81.00689952090686
68.9476,72.8190251465176,78.4578995350084
68.9476,75.1277514651765,75.80244978675951
68.9476,77.4364777838353,73.19185936398756
68.9476,79.7452041024942,70.62773732878838
68.9476,82.053930421153,68.11155267327307
68.9476,84.3626567398119,65.54380930152556
68.9476,87.3383791059016,62.398331800992466
68.9476,90.0,59.892569552102096
137.8952,0.0,195.6298390395534
137.8952,2.9347059424833,195.6298390395534
137.8952,5.86596190541093,194.61085271540816
137.8952,8.17468822406978,194.61085271540816
137.8952,10.4834145427286,192.1142223621634
137.8952,12.7921408613874,192.1142223621634
137.8952,15.1008671800463,189.76626264786748
137.8952,17.4095934987051,188.60306582135826
137.8952,19.718319817364,186.75676303460494
137.8952,22.0270461360228,184.53100116112668
137.8952,24.3357724546817,182.05171477283187
137.8952,26.6444987733406,179.66096282236828
137.8952,28.9532250919994,177.08371334657008
137.8952,31.2619514106583,174.27534604568467
137.8952,33.5706777293171,171.14282539199897
137.8952,35.879404047976,167.91167839420908
137.8952,38.1881303666348,164.7415348939218
137.8952,40.4968566852937,161.23421618409145
137.8952,42.8055830039525,157.46234819287176
137.8952,45.1143093226114,153.96793599857438
137.8952,47.4230356412702,150.18126205774809
137.8952,49.7317619599291,146.39767706455032
137.8952,52.0404882785879,142.49022021937128
137.8952,54.3492145972468,138.55920765821827
137.8952,56.6579409159056,134.3643666505848
137.8952,58.9666672345645,130.41674778466142
137.8952,61.2753935532233,126.46841745760956
137.8952,63.5841198718822,122.37598840887149
137.8952,65.892846190541,118.48881785486923
137.8952,68.2015725091999,114.44331207519683
137.8952,70.5102988278587,110.36615320446174
137.8952,72.8190251465176,106.49970838626994
137.8952,75.1277514651765,102.64241942002117
137.8952,77.4364777838353,98.89442947793782
137.8952,79.7452041024942,95.13694780886114
137.8952,82.053930421153,91.55037170603322
137.8952,84.3626567398119,88.04485528992905
137.8952,87.2494462995775,84.12900698351648
137.8952,90.0,79.80927067065393
344.738,0.0,319.53729604880346
344.738,2.84577313615919,317.8729071379586
344.738,5.86596190541093,317.8729071379586
344.738,8.17468822406978,317.0920920233022
344.738,10.4834145427286,313.794968331558
344.738,12.7921408613874,312.3512750820611
344.738,15.1008671800463,309.7693447257777
344.738,17.4095934987051,305.7953651775861
344.738,19.718319817364,302.4296990050016
344.738,22.0270461360228,298.5498785544798
344.738,24.3357724546817,293.9055215171516
344.738,26.6444987733406,289.1555721345807
344.738,28.9532250919994,284.5698593194092
344.738,31.2619514106583,278.85411209665267
344.738,33.5706777293171,273.2531689026605
344.738,35.879404047976,267.1069932156857
344.738,38.1881303666348,261.17934165334634
344.738,40.4968566852937,254.59933144386468
344.738,42.8055830039525,248.26140436988447
344.738,45.1143093226114,241.33817734296025
344.738,47.4230356412702,234.39174416865248
344.738,49.7317619599291,227.50532558638713
344.738,52.0404882785879,220.48206098262187
344.738,54.3492145972468,213.15074250418084
344.738,56.6579409159056,206.0632000063914
344.738,58.9666672345645,199.0276849114167
344.738,61.2753935532233,191.9961373823978
344.738,63.5841198718822,184.814866142552
344.738,65.892846190541,178.01161414308808
344.738,68.2015725091999,171.24808478601108
344.738,70.5102988278587,164.43794134840545
344.738,72.8190251465176,157.89862169080683
344.738,75.1277514651765,151.57275141320358
344.738,77.4364777838353,145.36618431024664
344.738,79.7452041024942,139.54239930915006
344.738,82.053930421153,133.7873125345521
344.738,84.3626567398119,128.190738097891
344.738,86.6713830584707,123.05505058324384
344.738,90.0,116.74855845915003
689.476,0.0,468.2520259257024
689.476,2.9347059424833,468.2520259257024
689.476,5.86596190541093,465.09576291838744
689.476,8.17468822406978,462.24489834477464
689.476,10.4834145427286,460.25969700118605
689.476,12.7921408613874,456.31483520729915
689.476,15.1008671800463,450.87648777610684
689.476,17.4095934987051,446.18827388716636
689.476,19.718319817364,440.5996288793764
689.476,22.0270461360228,434.41272405292733
689.476,24.3357724546817,426.60435149079416
689.476,26.6444987733406,419.45181315713074
689.476,28.9532250919994,411.4061395163651
689.476,31.2619514106583,403.1428135794954
689.476,33.5706777293171,393.46980476660946
689.476,35.879404047976,383.91084833831843
689.476,38.1881303666348,374.3538752469929
689.476,40.4968566852937,364.0262205935968
689.476,42.8055830039525,353.33114710106037
689.476,45.1143093226114,343.0557419457039
689.476,47.4230356412702,332.05676613099774
689.476,49.7317619599291,321.4104369978083
689.476,52.0404882785879,309.9598647398921
689.476,54.3492145972468,298.8253503189614
689.476,56.6579409159056,287.73676770307463
689.476,58.9666672345645,276.80424464923703
689.476,61.2753935532233,265.95984986437406
689.476,63.5841198718822,255.22626289745224
689.476,65.892846190541,244.5496691948349
689.476,68.2015725091999,234.39174416865248
689.476,70.5102988278587,224.44865297613816
689.476,72.8190251465176,214.59723988641025
689.476,75.1277514651765,205.30441365956096
689.476,77.4364777838353,196.23293597459275
689.476,79.7452041024942,187.7930729777077
689.476,82.053930421153,179.5505323664726
689.476,84.3626567398119,171.88100205427776
689.476,87.2939127027395,162.92960262718134
689.476,90.0,155.01519590962266
1378.952,0.0,707.8168434569392
1378.952,2.9347059424833,703.4781886582887
1378.952,5.86596190541093,698.7363785637657
1378.952,8.17468822406978,698.5216028096492
1378.952,10.4834145427286,689.9844910706207
1378.952,12.7921408613874,684.7018616097711
1378.952,15.1008671800463,676.7496215141881
1378.952,17.4095934987051,667.8623639586676
1378.952,19.718319817364,658.0794892143589
1378.952,22.0270461360228,645.6550620669647
1378.952,24.3357724546817,633.8548113285947
1378.952,26.6444987733406,619.7882741053108
1378.952,28.9532250919994,605.8476210593608
1378.952,31.2619514106583,590.9474576980842
1378.952,33.5706777293171,575.1746549117003
1378.952,35.879404047976,558.9629836998097
1378.952,38.1881303666348,541.2079936951076
1378.952,40.4968566852937,524.5004861429381
1378.952,42.8055830039525,506.1257206201267
1378.952,45.1143093226114,487.64453008474567
1378.952,47.4230356412702,469.2607763638388
1378.952,49.7317619599291,450.87648777610684
1378.952,52.0404882785879,431.882686097101
1378.952,54.3492145972468,413.6890248379259
1378.952,56.6579409159056,395.16692660928584
1378.952,58.9666672345645,377.12614423316853
1378.952,61.2753935532233,359.3561885834082
1378.952,63.5841198718822,341.79250807773417
1378.952,65.892846190541,324.7875783593596
1378.952,68.2015725091999,308.4389795415346
1378.952,70.5102988278587,292.91330838817424
1378.952,72.8190251465176,277.48585400961
1378.952,75.1277514651765,263.518248081637
1378.952,77.4364777838353,249.94617200104958
1378.952,79.7452041024942,237.29185067332
1378.952,82.053930421153,225.62474127888527
1378.952,84.3626567398119,214.7952486098128
1378.952,87.3383791059016,203.0463450319159
1378.952,90.0,194.00579514789453
2757.904,0.0,1118.0282522444904
2757.904,2.9347059424833,1118.0282522444904
2757.904,5.73256269592476,1112.204726014355
2757.904,8.17468822406978,1099.287397301508
2757.904,10.4834145427286,1089.5304625206907
2757.904,12.7921408613874,1075.222456240116
2757.904,15.1008671800463,1058.8213388086367
2757.904,17.4095934987051,1038.1924465965478
2757.904,19.718319817364,1018.5915524353957
2757.904,22.0270461360228,994.1514663627851
2757.904,24.3357724546817,967.3194418020114
2757.904,26.6444987733406,939.1883266690222
2757.904,28.9532250919994,908.7968529116782
2757.904,31.2619514106583,878.038135324589
2757.904,33.5706777293171,844.9368989904783
2757.904,35.879404047976,810.8370012371106
2757.904,38.1881303666348,776.2019663125463
2757.904,40.4968566852937,740.3102535327279
2757.904,42.8055830039525,703.2619553790311
2757.904,45.1143093226114,666.4266879205425
2757.904,47.4230356412702,629.3887797748442
2757.904,49.7317619599291,592.5847679339912
2757.904,52.0404882785879,555.5367478678776
2757.904,54.3492145972468,519.0467298913755
2757.904,56.6579409159056,483.61360619954485
2757.904,58.9666672345645,448.94011030059414
2757.904,61.2753935532233,415.4733566255819
2757.904,63.5841198718822,383.0855711023485
2757.904,65.892846190541,352.35489402282235
2757.904,68.2015725091999,323.2933108225311
2757.904,70.3672780087229,297.6735298711994
2757.904,72.7160664583975,269.9202059405635
2757.904,75.1487580073599,247.3462771278168
2757.904,77.5464171323429,225.48605871451798
2757.904,79.8551434510017,206.50711980124802
2757.904,82.1194033664985,190.46762140883908
2757.904,84.1118585593566,178.72377497839554
2757.904,86.0562133705874,170.14673896239793
2757.904,87.9100790513834,161.60837516394514
2757.904,90.0,154.99565639693728
4826.332,0.0,1734.239536700277
4826.332,2.89023953932125,1725.206321832018
4826.332,5.86596190541093,1718.325259347539
4826.332,8.17468822406978,1702.5504496584592
4826.332,10.4834145427286,1681.225482984411
4826.332,12.7921408613874,1656.0896235534124
4826.332,15.1008671800463,1628.8239400374762
4826.332,17.4095934987051,1595.127022016584
4826.332,19.718319817364,1557.8110682527408
4826.332,22.0270461360228,1516.231996479247
4826.332,24.3357724546817,1473.043093562303
4826.332,26.6444987733406,1424.062473537053
4826.332,28.9532250919994,1373.751065998821
4826.332,31.2619514106583,1320.3372891301199
4826.332,33.5706777293171,1263.1619731977612
4826.332,35.879404047976,1205.4941150604898
4826.332,38.1881303666348,1144.814024510459
4826.332,40.4968566852937,1084.1844453677986
4826.332,42.8055830039525,1021.7277719861702
4826.332,45.1143093226114,959.9134924691629
4826.332,47.4230356412702,897.1380488097789
4826.332,49.7317619599291,834.0973436462489
4826.332,52.0404882785879,772.3933632777909
4826.332,54.3492145972468,711.7445064815636
4826.332,56.6579409159056,652.2385793007035
4826.332,58.9666672345645,594.5920867206027
4826.332,61.2753935532233,538.8836698570484
4826.332,63.5841198718822,485.69953809203975
4826.332,65.892846190541,435.48243228429817
4826.332,68.2015725091999,388.5414747570206
4826.332,70.5102988278587,344.64135179704186
4826.332,72.8190251465176,304.0144001234392
4826.332,74.8233040385401,272.65287217151666
4826.332,77.4364777838353,235.69237977143317
4826.332,79.7452041024942,207.58919627981797
4826.332,81.7162595650226,188.34233069390794
4826.332,84.4725960883194,163.53051344949245
4826.332,87.4038520512471,146.5800753283834
4826.332,90.0262965108355,137.133513529245
6894.76,0.0,2397.9029035470894
6894.76,3.55723558675207,2382.481298385472
6894.76,5.86596190541093,2378.090748394727
6894.76,8.17468822406978,2351.916840943387
6894.76,10.4834145427286,2324.6012917201724
6894.76,12.7921408613874,2287.7354832734777
6894.76,15.1008671800463,2248.687420558833
6894.76,17.4095934987051,2200.813255323179
6894.76,19.718319817364,2148.0069412896073
6894.76,22.0270461360228,2090.032500819024
6894.76,24.3357724546817,2024.888991539265
6894.76,26.6444987733406,1956.957060409972
6894.76,28.9532250919994,1882.0240484184237
6894.76,31.2619514106583,1805.5143231337188
6894.76,33.5706777293171,1725.7367742722715
6894.76,35.879404047976,1641.895365994532
6894.76,38.1881303666348,1555.8966076617721
6894.76,40.4968566852937,1468.9730791685304
6894.76,42.8055830039525,1380.9493830222739
6894.76,45.1143093226114,1291.8303356973215
6894.76,47.4230356412702,1201.7938200155143
6894.76,49.7317619599291,1112.8887745288491
6894.76,52.0404882785879,1025.1887677162165
6894.76,54.3492145972468,938.6110449186822
6894.76,56.6579409159056,854.6026806712341
6894.76,58.9666672345645,772.3933632777909
6894.76,61.2753935532233,694.0265307437465
6894.76,63.5841198718822,619.0265898101475
6894.76,65.892846190541,548.2412902822333
6894.76,68.2015725091999,481.9809462653379
6894.76,70.5102988278587,420.48468128541964
6894.76,72.8190251465176,364.3621073331593
6894.76,75.1277514651765,313.98796425841033
6894.76,77.4364777838353,269.6647349934308
6894.76,80.0750221480169,225.5553893380929
6894.76,83.2335167643451,184.75750787950716
6894.76,86.0557227068284,159.10706222245912
6894.76,88.1738874880741,147.33076728138548
6894.76,89.9510102903094,141.09587702321858
10342.14,0.0,3695.6072038558586
10342.14,2.89023953932125,3695.6072038558586
10342.14,5.86596190541093,3648.196871954638
10342.14,8.17468822406978,3628.0648051384765
10342.14,10.4834145427286,3581.520963468479
10342.14,12.7921408613874,3529.0587004775725
10342.14,15.1008671800463,3460.3024628821017
10342.14,17.4095934987051,3388.7161326759247
10342.14,19.718319817364,3300.2974802625986
10342.14,22.0270461360228,3209.2490501985694
10342.14,24.3357724546817,3107.309947842057
10342.14,26.6444987733406,3000.296076743702
10342.14,28.9532250919994,2883.6394646764097
10342.14,31.2619514106583,2761.31309919239
10342.14,33.5706777293171,2635.249288330743
10342.14,35.879404047976,2504.9097874443105
10342.14,38.1881303666348,2372.249265340729
10342.14,40.4968566852937,2233.530093889519
10342.14,42.8055830039525,2094.5350359586278
10342.14,45.1143093226114,1953.9512871667366
10342.14,47.4230356412702,1813.3019036746794
10342.14,49.7317619599291,1674.0051305269933
10342.14,52.0404882785879,1535.936268127785
10342.14,54.3492145972468,1398.465593589824
10342.14,56.6579409159056,1267.4408019772748
10342.14,58.9226914951615,1141.2999885567401
10342.14,61.2753935532233,1017.0270545238052
10342.14,63.5841198718822,899.3471828943675
10342.14,65.892846190541,787.256632591368
10342.14,68.2015725091999,685.1229794852451
10342.14,70.5102988278587,589.3146713462772
10342.14,72.8190251465176,502.25074273693855
10342.14,75.1277514651765,424.11978982482196
10342.14,77.4364777838353,355.72894582949885
10342.14,79.7452041024942,296.90237259085706
10342.14,82.053930421153,248.41409464434128
10342.14,84.5605475671255,207.14295039001175
10342.14,86.6713830584707,183.1182028797321
10342.14,90.0157932397438,162.34878857497327
13789.52,0.0,5319.878926267655
13789.52,1.34387390362331,5319.5130859559995
13789.52,2.71650486977431,5319.147270802658
13789.52,3.77532500272437,5306.035662286173
13789.52,4.83414181221753,5280.189424868192
13789.52,5.89296194516759,5267.173846786388
13789.52,6.95177875466075,5241.516909209903
13789.52,8.0105979380517,5224.990204392621
13789.52,9.06941451015509,5198.641912861138
13789.52,10.1282279961913,5160.8404259488525
13789.52,11.1870436187356,5131.273857527983
13789.52,12.2458571047719,5093.962231757255
13789.52,13.304667504741,5045.5945776447315
13789.52,14.3634809907773,5008.90596154296
13789.52,15.4222906785771,4958.77911631405
13789.52,16.481101315936,4912.54237129947
13789.52,17.5399095793971,4858.3489414052865
13789.52,18.5987178428583,4804.753354261695
13789.52,19.6575263437092,4752.568754472593
13789.52,20.7163315211032,4689.611939640227
13789.52,21.7751364611075,4626.690941978846
13789.52,22.8339402141628,4560.6789158524225
13789.52,23.8927432550488,4493.282872431218
13789.52,24.9515446342064,4421.540597706246
13789.52,26.0103453011946,4348.692790366141
13789.52,27.0691457307931,4276.307479043284
13789.52,28.1279444986631,4200.052463806916
13789.52,29.1867413674149,4119.46848820802
13789.52,30.2455372866076,4037.643721044096
13789.52,31.3043322562411,3954.714565223725
13789.52,32.3631260389258,3870.1492785004184
13789.52,33.4219193468309,3786.0858732164415
13789.52,34.4807119425666,3701.932178940117
13789.52,35.5395026391842,3614.657352683451
13789.52,36.5982911992937,3523.9649186220204
13789.52,37.6570795220135,3434.955399407643
13789.52,38.7158657082252,3343.0001230230237
13789.52,39.7746511822676,3251.8232916638244
13789.52,40.8334352319714,3159.86109412531
13789.52,41.892218332116,3068.3817111829485
13789.52,42.9509995331424,2975.441791020595
13789.52,44.0097795472199,2882.8294898769595
13789.52,45.0685581369588,2790.2104627814288
13789.52,46.1273336406305,2694.5179027877707
13789.52,47.186109381692,2602.55609579063
13789.52,48.2448817992966,2507.669589743658
13789.52,49.3036537421217,2415.4090955005745
13789.52,50.362424260608,2324.136283397484
13789.52,51.4211905060784,2229.37954622432
13789.52,52.4799584132772,2141.0698681886624
13789.52,53.53872204746,2049.8835722030353
13789.52,54.5974847320837,1961.227119818828
13789.52,55.6562450428096,1873.1710367139247
13789.52,56.7150034544173,1786.6013474720655
13789.52,57.7737606790761,1702.5634460027038
13789.52,58.8325129185495,1616.6117660902894
13789.52,59.8912646832434,1534.4697653917021
13789.52,60.9500121749213,1451.9861177105024
13789.52,62.0087594292094,1373.6993017530644
13789.52,63.0675024104815,1295.6044142077947
13789.52,64.1262430178558,1219.8431998061455
13789.52,65.1849814887221,1146.7305008376482
13789.52,66.2437154491826,1074.4725668641875
13789.52,67.3024491722533,1006.5941085341503
13789.52,68.3611774353591,939.2698659837134
13789.52,69.4199049862956,875.9950441698483
13789.52,70.478627314657,813.8882465019708
13789.52,71.5373463195615,754.3607662313674
13789.52,72.5960634253477,698.2228996854933
13789.52,73.6547748337793,643.5927174234952
13789.52,74.7134869543801,593.5439729709261
13789.52,75.772192665457,544.8437455019141
13789.52,76.8308979017544,499.9668504230079
13789.52,77.8896012389335,458.1536274121171
13789.52,78.9483007778761,418.68018479395386
13789.52,80.0070019785472,383.0699549896445
13789.52,81.0657015174898,350.0655455900328
13789.52,82.124401531212,320.0151038847096
13789.52,83.1831079544582,293.90995218146145
13789.52,84.2418186507205,270.7737625015172
13789.52,85.3005362312863,250.70985472458713
13789.52,86.3592685300183,234.6286096704395
13789.52,87.4180051017664,220.26170712791148
13789.52,88.7382672630093,209.69685168744442
13789.52,90.0,199.95825290956645
20684.28,0.0,9994.450486245145
20684.28,1.2924404462264,9993.789369884498
20684.28,2.71736232165384,9918.25717078082
20684.28,3.77618506589147,9912.599983988224
20684.28,4.83500424928241,9881.345174217531
20684.28,5.89382319528358,9848.489916798238
20684.28,6.95264119172564,9808.973438049232
20684.28,8.01145705165969,9754.46009689434
20684.28,9.07027172464484,9691.88693271787
20684.28,10.1290892463073,9649.669134838301
20684.28,11.1879029697333,9581.154969631429
20684.28,12.2467157436003,9506.565532925104
20684.28,13.3055299418059,9442.324435569315
20684.28,14.3643389174364,9342.993755662661
20684.28,15.4231521660828,9273.45716882026
20684.28,16.4819609043235,9174.320234494078
20684.28,17.5407710669029,9085.641800636335
20684.28,18.5995790929743,8983.862378307458
20684.28,19.6583854573172,8872.503193264643
20684.28,20.7171911094908,8757.990966373203
20684.28,21.7759958121052,8638.9937747437
20684.28,22.8347983782117,8508.394012266997
20684.28,23.8936016564875,8384.106200511027
20684.28,24.9524037478144,8254.511422981299
20684.28,26.0112048895822,8121.314228929731
20684.28,27.0700046070113,7982.000772749238
20684.28,28.1288031374915,7838.313707938556
20684.28,29.1876002436331,7689.250788755029
20684.28,30.2463973497746,7543.022631575595
20684.28,31.3051901829002,7376.6354912623665
20684.28,32.3639842029746,7220.143218878143
20684.28,33.4227770361002,7060.878287362206
20684.28,34.4815689196666,6900.363638476282
20684.28,35.540358666725,6733.036901398937
20684.28,36.599148888563,6572.034605804066
20684.28,37.6579367365032,6403.826212308915
20684.28,38.7167226853252,6231.31796513201
20684.28,39.7755076845881,6059.274495071296
20684.28,40.8342905473429,5882.840937481385
20684.28,41.8930726979284,5708.589828336824
20684.28,42.9518550859037,5540.455714656574
20684.28,44.0106343878119,5365.228712235173
20684.28,45.0694125027712,5191.064400071752
20684.28,46.1281875316634,5011.303400101613
20684.28,47.1869623231658,4836.932895872391
20684.28,48.2457345033806,4659.779446640472
20684.28,49.3045059714261,4486.791777052656
20684.28,50.363276964692,4318.735821043326
20684.28,51.4220429727726,4141.943260785157
20684.28,52.4808094556327,3973.758610675245
20684.28,53.5395719028667,3801.239748449597
20684.28,54.5983341127108,3635.5835251079234
20684.28,55.6570932364878,3469.3578289082257
20684.28,56.7158506985364,3306.737023734959
20684.28,57.7746060240769,3146.8495854904454
20684.28,58.8333580261606,2987.469638160615
20684.28,59.8921086039056,2833.227999027272
20684.28,60.9508553834141,2679.544094415459
20684.28,62.009600738584,2531.575014304176
20684.28,63.0683425329072,2385.5963778420873
20684.28,64.1270819533326,2244.1608498139954
20684.28,65.1858201868091,2109.2906189551018
20684.28,66.2445529603207,1974.6758427368254
20684.28,67.3032847842732,1847.3770537028731
20684.28,68.3620099613119,1719.9572548850317
20684.28,69.4207332392324,1599.117742117697
20684.28,70.4794536684756,1483.6936861484514
20684.28,71.5381702994822,1372.806774602613
20684.28,72.5968850313707,1268.4555645973344
20684.28,73.6555940659045,1167.1942512329922
20684.28,74.7143016760996,1072.9056469975656
20684.28,75.77300358894,982.1593601229897
20684.28,76.8317033652724,897.6936492141347
20684.28,77.8904010050968,819.2191762360926
20684.28,78.9490955588541,745.9301652815514
20684.28,80.0077903500012,679.3149086899522
20684.28,81.0664839541994,618.1153747680595
20684.28,82.1251777957873,562.5263382274587
20684.28,83.1838770973402,513.9717205510424
20684.28,84.24257972235,470.7435717910633
20684.28,85.3012899438326,433.53768637916585
20684.28,86.3600172573793,404.26226075125044
20684.28,87.4187483691625,378.00555906972335
20684.28,88.4775108163964,361.59462540342537
20684.28,90.0,341.51147696180925
27579.04,0.0,17074.98313966442
27579.04,1.34548910367545,17202.605853511624
27579.04,2.71811864548778,17183.628758017334
27579.04,3.77693403064228,17082.236457960917
27579.04,4.83575701226968,17075.438304249117
27579.04,5.89457216003439,16971.756530510673
27579.04,6.95339134342534,16918.24392809637
27579.04,8.0122093398674,16850.360482786175
27579.04,9.07102425024233,16745.156615947777
27579.04,10.1298403475661,16654.968164650276
27579.04,11.1886552579411,16550.9842139934
27579.04,12.2474675570284,16416.46994432546
27579.04,13.3062800935056,16285.857950182886
27579.04,14.365092392593,16153.498432479264
27579.04,15.4239030299519,16002.879667134594
27579.04,16.4827115308028,15829.07181284335
27579.04,17.541521930772,15678.773275961286
27579.04,18.6003273455557,15473.747061707487
27579.04,19.6591360837964,15308.326569833738
27579.04,20.7179419733598,15113.35772725104
27579.04,21.7767454890254,14895.155954292202
27579.04,22.8355504290296,14695.306140484738
27579.04,23.8943539446952,14483.140061186203
27579.04,24.9531553238528,14251.89412304931
27579.04,26.0119562282308,14019.50286927804
27579.04,27.0707557082701,13776.634919056216
27579.04,28.1295537639708,13523.969885862185
27579.04,29.1883511075021,13269.07030062011
27579.04,30.247146789305,13003.26427980158
27579.04,31.3059417589386,12736.190262346083
27579.04,32.364735779013,12465.99725117819
27579.04,33.4235286121386,12191.017082738375
27579.04,34.482320495705,11913.879204565295
27579.04,35.5411111923225,11633.003789414111
27579.04,36.5999002272116,11345.042860779295
27579.04,37.6586890247109,11062.301662485168
27579.04,38.7174735491942,10753.16678001616
27579.04,39.7762590232367,10459.885404605311
27579.04,40.8350421233813,10157.067073685592
27579.04,41.8938256983055,9866.418763789818
27579.04,42.9526061871625,9562.619428278036
27579.04,44.0113852516809,9258.586943953855
27579.04,45.0701640788096,8962.674642351218
27579.04,46.1289391077017,8652.30681950287
27579.04,47.1877136618143,8349.805548790491
27579.04,48.2464867915883,8049.544789379859
27579.04,49.305258022244,7749.38004250121
27579.04,50.364027828561,7452.690878939182
27579.04,51.4227952609803,7155.007693936589
27579.04,52.4815626933996,6869.214882501438
27579.04,53.5403246658539,6568.724567346216
27579.04,54.5990859261389,6278.129305826681
27579.04,55.6578455246955,5993.148721731149
27579.04,56.7166034615236,5714.200145997213
27579.04,57.7753594992335,5440.7218045777945
27579.04,58.8341112639274,5164.272143844928
27579.04,59.8928620790622,4898.488133250112
27579.04,60.9516090959605,4633.576723659235
27579.04,62.0103554006895,4380.724196042097
27579.04,63.0690974324025,4128.829913969421
27579.04,64.1278359032688,3881.363765336423
27579.04,65.1865731871862,3645.584140209253
27579.04,66.2453064354773,3414.100872214655
27579.04,67.3040380220401,3193.457679285427
27579.04,68.3627646234174,2976.2730000335214
27579.04,69.4214890882868,2769.555854251142
27579.04,70.4802107044788,2571.8670259846413
27579.04,71.5389263859264,2378.0118535983565
27579.04,72.5976418299842,2198.389315894463
27579.04,73.6563503897384,2022.1932499155887
27579.04,74.7150584747131,1859.4772865149905
27579.04,75.7737603875535,1702.202823703585
27579.04,76.8324620630042,1557.9618551878082
27579.04,77.8911597028286,1421.7681374169479
27579.04,78.9498547313654,1295.0205737915678
27579.04,80.008549997292,1179.775774031427
27579.04,81.0672452632187,1074.786690775376
27579.04,82.125939816976,978.6340910328483
27579.04,83.1846398306982,894.6258615058422
27579.04,84.2433426930977,819.5237378890854
27579.04,85.3020541015293,755.4027656478683
27579.04,86.3607818898555,704.6358667308369
27579.04,87.4195139511978,659.3247704877696
27579.04,88.4782780601602,631.4625192428373
27579.04,90.0,596.3423609558137
34473.8,0.0,28369.093626674752
34473.8,1.34617743123009,28367.142725498765
34473.8,2.71879805503353,28152.82007535634
34473.8,3.77762151144049,28151.32664529081
34473.8,4.83644140700077,28077.090427940228
34473.8,5.89526082778149,27993.3906783548
34473.8,6.95408119812133,27929.20476896495
34473.8,8.01289563371671,27745.257354986
34473.8,9.0717088823632,27538.75925084685
34473.8,10.1305256918563,27404.615163792707
34473.8,11.1893406022313,27233.516658962704
34473.8,12.2481543256573,27040.15441685215
34473.8,13.3069678116936,26843.53421095453
34473.8,14.3657770247138,26565.729696867387
34473.8,15.4245893238012,26349.82291560488
34473.8,16.4833980620419,26068.132860177087
34473.8,17.5422086994008,25825.06786700226
34473.8,18.6010150637437,25504.95404621519
34473.8,19.6598207159173,25175.77647129887
34473.8,20.7186266054807,24855.13450058209
34473.8,21.7774322576543,24534.343767758364
34473.8,22.8362355359301,24175.954170924128
34473.8,23.8950383394263,23814.582438991245
34473.8,24.9538413803123,23462.659257875086
34473.8,26.0126418099108,23072.11617361634
34473.8,27.0714412899501,22672.424571523527
34473.8,28.1302402952099,22271.971973469834
34473.8,29.1890369265719,21840.88469582173
34473.8,30.247834507493,21432.92484907229
34473.8,31.3066282901777,20974.615809244442
34473.8,32.3654232598112,20543.818219637535
34473.8,33.4242153807674,20080.259978770482
34473.8,34.4830077391134,19630.547581852887
34473.8,35.5417970113923,19147.91983721538
34473.8,36.6005862836712,18677.157759540038
34473.8,37.6593746063909,18205.403678311042
34473.8,38.7181612673822,17724.150684503744
34473.8,39.7769481657633,17258.596255899924
34473.8,40.8357307911284,16753.171436838762
34473.8,41.8945122295446,16248.52791304745
34473.8,42.953293430571,15756.367214301717
34473.8,44.0120727324792,15258.043405177244
34473.8,45.0708510848282,14765.28852398004
34473.8,46.1296270632795,14263.820948057784
34473.8,47.1884023295615,13772.255593897125
34473.8,48.2471749845558,13272.422659928103
34473.8,49.305945740432,12773.091164179785
34473.8,50.3647157841388,12286.18569544898
34473.8,51.4234832165581,11795.437997903953
34473.8,52.4822489872489,11310.626555224166
34473.8,53.5410119092624,10823.314384618257
34473.8,54.5997750686656,10358.784512485208
34473.8,55.6585341924426,9885.16145982284
34473.8,56.7172921292707,9425.06079518913
34473.8,57.7760479295909,8972.43492743455
34473.8,58.8348008812336,8523.883259418446
34473.8,59.8935533580968,8094.9624535210105
34473.8,60.9523003749952,7657.18494833704
34473.8,62.0110462049446,7236.838147884395
34473.8,63.0697884740474,6821.8922558480135
34473.8,64.128527657083,6416.33389500375
34473.8,65.1872656531697,6029.682995755337
34473.8,66.2459981892916,5643.895411965859
34473.8,67.3047304880236,5281.87986503211
34473.8,68.3634573267908,4923.512372500231
34473.8,69.422182978609,4585.502902149082
34473.8,70.4809043574113,4257.458661808169
34473.8,71.5396221753669,3942.6677501437903
34473.8,72.5983376194247,3644.859315954333
34473.8,73.657047128738,3355.04602430667
34473.8,74.7157556884922,3086.1464684423413
34473.8,75.7744599752304,2829.9979024411755
34473.8,76.8331630750197,2592.8722391493757
34473.8,77.8918630887419,2370.294047569334
34473.8,78.9505597790072,2161.5959721033746
34473.8,80.0092567066623,1971.6132769265723
34473.8,81.0679526847583,1797.0877561179166
34473.8,82.1266491376338,1638.5762911952547
34473.8,83.1853520000333,1501.0209572037934
34473.8,84.2440579485,1378.1000275987599
34473.8,85.30277101866,1271.8098377057868
34473.8,86.3615004687147,1187.771117946192
34473.8,87.4202334796161,1112.1594794592454
34473.8,88.4789990129171,1066.263994266064
34473.8,90.0,1007.0635896242342
41368.56,0.0,45584.74394369424
41368.56,1.66063762827761,45580.89250822756
41368.56,2.719456336889,45421.50122169077
41368.56,3.77827955590618,45411.25769047232
41368.56,4.8371023001438,45385.3559657218
41368.56,5.89591721051873,45101.996155686196
41368.56,6.95473639390968,44959.78782362395
41368.56,8.01355201645396,44702.21220935176
41368.56,9.07237001289601,44522.84724744108
41368.56,10.1311856354402,44267.774875349445
41368.56,11.1899981719174,43915.573557262614
41368.56,12.2488137944617,43663.98026951181
41368.56,13.3076253813797,43286.70497976626
41368.56,14.3664381552466,42949.71732519369
41368.56,15.4252490299953,42556.58504231938
41368.56,16.4840580056258,42108.901364893725
41368.56,17.5428674560359,41680.30428904144
41368.56,18.6016745325481,41184.964888909395
41368.56,19.6604797099421,40639.39167527665
41368.56,20.7192853621157,40114.88273581718
41368.56,21.7780914890688,39610.80657184899
41368.56,22.836895479514,39052.38917747025
41368.56,23.8956978082307,38455.38164141242
41368.56,24.9545001369473,37867.50076842486
41368.56,26.0133000917662,37224.34023170035
41368.56,27.0721002839749,36598.41607827753
41368.56,28.1308983396756,35927.19701298363
41368.56,29.1896956832069,35250.04173278049
41368.56,30.2484920771791,34561.793819857216
41368.56,31.3072875215922,33863.61003185444
41368.56,32.3660827286156,33173.8073523589
41368.56,33.4248743747922,32414.07672764156
41368.56,34.4836662583587,31677.20888583058
41368.56,35.5424564801967,30919.73444697857
41368.56,36.6012455150857,30154.353844885587
41368.56,37.6600331256362,29377.498144873072
41368.56,38.7188197866275,28600.915038966254
41368.56,39.7776047858903,27811.258549320108
41368.56,40.8363885982043,27020.08940381492
41368.56,41.8951714609592,26233.320211597227
41368.56,42.9539524245958,25434.33682498281
41368.56,44.0127322012835,24638.42831384882
41368.56,45.0715103162428,23838.623654956347
41368.56,46.130285345135,23013.11765158887
41368.56,47.1890601366374,22212.366108843955
41368.56,48.2478327916317,21406.218412347735
41368.56,49.306604497067,20615.098832515905
41368.56,50.3653743033841,19825.838737408525
41368.56,51.424141023634,19024.086899731472
41368.56,52.4829070317146,18245.313395413483
41368.56,53.5416711406769,17474.288964631935
41368.56,54.6004343000802,16724.303430635657
41368.56,55.6591931864674,15956.88414206689
41368.56,56.7179508859058,15211.553514952935
41368.56,57.7767071610054,14486.035891294849
41368.56,58.8354591630891,13752.354927318038
41368.56,59.8942104530034,13049.078459694998
41368.56,60.9529577072915,12345.510573385509
41368.56,62.0117032998512,11665.782186646462
41368.56,63.0704462811233,11002.581770928651
41368.56,64.1291861763282,10353.840015199521
41368.56,65.1879251219741,9736.629284705108
41368.56,66.2466567085368,9107.379870538845
41368.56,67.3053880577097,8517.327623830897
41368.56,68.3641148964769,7939.439935806725
41368.56,69.4228400735156,7391.83010308789
41368.56,70.4815621644872,6866.575329262542
41368.56,71.5402795076632,6356.676340607045
41368.56,72.598994951721,5876.5263640901685
41368.56,73.6577044610343,5409.266779728055
41368.56,74.7164132581783,4976.584329543874
41368.56,75.7751173075268,4562.743261782413
41368.56,76.8338175586387,4171.786318357134
41368.56,77.8925168601916,3811.6974194909767
41368.56,78.951214500016,3478.486923451275
41368.56,80.0099123772302,3174.952608563004
41368.56,81.0686071683773,2891.413622569916
41368.56,82.1273026716937,2634.5590906867155
41368.56,83.1860048219239,2412.144316578403
41368.56,84.2447105330008,2214.2281010072797
41368.56,85.303423365771,2043.096508604316
41368.56,86.3621523410462,1907.4344938590639
41368.56,87.4208853519475,1786.0102184173656
41368.56,88.479650410469,1711.716296290288
41368.56,90.0,1616.2202579373136
48263.32,0.0,75970.1769735927
48263.32,1.66134053941141,75963.75828592021
48263.32,2.72015853585347,75658.95823379437
48263.32,3.77897748185464,75407.39384605012
48263.32,4.83779998870248,75351.38377694631
48263.32,5.89661940948321,75126.75608736294
48263.32,6.95543788070482,74851.13340391862
48263.32,8.0142544528082,74473.67824950868
48263.32,9.07306888840358,73983.17948175581
48263.32,10.1318871222354,73699.03825365369
48263.32,11.1906996587125,73112.67721590643
48263.32,12.2495131447488,72581.04454006054
48263.32,13.3083268681748,72065.70773347978
48263.32,14.3671367933644,71356.81488977447
48263.32,15.4259495672314,70801.30100395861
48263.32,16.4847571185232,69984.02032666774
48263.32,17.5435677558821,69331.4739584914
48263.32,18.6023731706659,68424.84884285589
48263.32,19.6611811967373,67658.33815038313
48263.32,20.7199870863006,66796.63273666144
48263.32,21.7787913141355,65866.32123420126
48263.32,22.837593880242,64870.588845372644
48263.32,23.896396921128,63911.95503158113
48263.32,24.955199962014,62967.48755734827
48263.32,26.0140003916125,61919.37461633892
48263.32,27.0727998716518,60846.709506005755
48263.32,28.1315976899627,59720.47143901061
48263.32,29.1903945587145,58574.649320199685
48263.32,30.2491904779072,57411.18440814771
48263.32,31.3079859223203,56251.41942567227
48263.32,32.3667797050049,55048.57220778317
48263.32,33.4255723007407,53825.00230708614
48263.32,34.4843641843071,52601.40079534934
48263.32,35.5431539313656,51325.87080563894
48263.32,36.6019429662547,50055.3609968457
48263.32,37.6607310515846,48782.62980342075
48263.32,38.7195172377964,47476.697211948
48263.32,39.778302474449,46173.854356291806
48263.32,40.8370860493732,44852.572077394994
48263.32,41.8958674877894,43501.510870292936
48263.32,42.9546479766465,42162.04511148505
48263.32,44.0134268037751,40814.51034351911
48263.32,45.0722044439548,39475.981526062795
48263.32,46.1309804224061,38135.27458824192
48263.32,47.189755688688,36821.041899311786
48263.32,48.2485281062926,35478.58475862401
48263.32,49.3072988621688,34143.81903811681
48263.32,50.3660686684858,32836.6046473302
48263.32,51.4248349139562,31497.832244673205
48263.32,52.4836011594266,30213.64257264152
48263.32,53.5423640814401,28911.904276173438
48263.32,54.6011251043353,27628.097923390742
48263.32,55.6598832785532,26346.704148019213
48263.32,56.7186400284324,25098.751122455073
48263.32,57.7773944044139,23868.700693853396
48263.32,58.8361466438873,22663.720681637067
48263.32,59.6176053313041,21792.947245586172
48263.32,60.7704215810231,20573.891425477028
48263.32,61.9337648018976,19372.27169052427
48263.32,62.9925158618716,18378.529390956635
48263.32,64.2081499920225,17175.52040118242
48263.32,65.3902605013461,15668.235811504901
48263.32,66.4489992096022,14731.68312972312
48263.32,67.5077288970467,13760.615648557288
48263.32,68.566453361916,12804.871605236644
48263.32,69.6251759276672,11899.076889089434
48263.32,70.6838939830125,11021.175715525984
48263.32,71.7426082401215,10179.910053063673
48263.32,72.8013191737734,9380.179375329482
48263.32,73.8600251222401,8612.021966771166
48263.32,74.9187296463681,7898.590959727152
48263.32,75.9774282357516,7213.088175000265
48263.32,77.0361268251351,6587.078794890011
48263.32,78.0948204293333,5993.648344597858
48263.32,79.1535130839724,5449.918384174764
48263.32,80.2122036021035,4947.826956515154
48263.32,81.270893645455,4490.442876307638
48263.32,82.3295829766371,4073.2316002467705
48263.32,83.388280141682,3715.876154840174
48263.32,84.4469796806246,3395.724975414175
48263.32,85.5056896647175,3126.7996245515924
48263.32,86.5644127052482,2906.6177679904617
48263.32,87.6231442918109,2718.7716998869655
48263.32,88.6819105372813,2607.925387972998
48263.32,90.0,2487.4396452318856
