z_m_kg13,is_kpa_ms_kg13
0.05484779591503935,2439.1766074804245
0.06122591607824923,2033.4401907747551
0.07025147252242135,1573.5778159543272
0.08149916945332997,1166.4189407996566
0.08998117990399034,951.8016230396986
0.1021160982276436,733.028295514431
0.11846551957628242,545.2492941913806
0.13151620542545797,446.33441825241823
0.15007577826964344,350.4802169793849
0.17410384216692928,273.64140482102624
0.19434996523698506,233.19586765448773
0.2229998686361836,195.23594370985603
0.25870353217507486,167.38882082193896
0.2887875526417388,153.72934167718054
0.3313588773959674,142.09364757853749
0.3886636926465948,136.29447608621598
0.431480604874333,135.7630906924163
0.4923711673043537,140.1336799166221
0.5775212589477288,150.82920059179582
0.6411435563782798,161.85493240736707
0.7397146626808296,182.13738439481887
0.8581475729451361,189.6774379535023
0.9526849069035407,179.62507374952946
1.09915320452115,159.89976285638363
1.2751344570300551,139.82436919818392
1.4234168201679502,125.97841791688926
1.633248369892589,110.08652477906058
1.8947415744882519,96.09818697076958
2.1150765804570475,86.78283460303007
2.4268684536282707,76.85155168564872
2.8154251610891863,67.372775924567
3.1428242787450213,61.323993520132824
3.606120538545771,54.21197398326578
4.188599496768127,47.099884622725824
4.669970127008244,42.98414381800278
5.35838904621298,37.84545228326103
6.2850625572633225,32.52434646487048
6.977452860118009,29.512144102956352
8.03543862085777,25.65156633320596
9.339069507417157,22.353261778375455
10.367902729951814,20.256647722897974
11.961891520701885,17.721817732684755
13.877064622622523,15.246949909864213
15.405823467781122,13.777670648151432
17.774355519010257,11.990973353446403
20.215845674201933,10.552583220613357
23.018007416378733,9.263118974384492
26.41118368022394,8.099283356559145
30.639778170209972,6.953928006406263
34.20280533809126,6.213457460831177
39.669756047745075,5.343351855061426
