z_m_kg13,pso_kpa
0.05484779591503935,47588.20277131442
0.06183511060459304,44434.72391851433
0.06834573271508511,41297.57129450859
0.0824006797071476,35887.00915621372
0.093000335924157,32459.46614630594
0.1021160982276436,30034.212436498412
0.12244041618235627,25279.176553528785
0.13819060566153293,22563.635859882594
0.15173585473259737,20606.04086127093
0.18193606616097122,16871.181839137407
0.2053395109096691,14664.787335602952
0.22671018117725678,13052.331115002515
0.2703415522602509,10320.24826715377
0.3051170847596844,8678.117732963285
0.33687208691450743,7503.508389847534
0.4017046010757359,5629.497891218263
0.45337809075235413,4583.755724811763
0.5005633287082362,3823.7574699627544
0.5968989420097468,2733.1375559387902
0.669985998241661,2175.417041157811
0.7316217639853796,1816.0372693647448
0.8628807573562175,1277.5000047152175
0.9579395198538024,1014.5599607203745
1.0403277291469748,848.917146927951
1.20689065781058,604.7566456111701
1.332497571856696,483.1267851039353
1.4470998891820395,401.68348255572073
1.6787895662500347,284.66709294537617
1.853509268805373,228.2053211416816
2.0129215348203284,189.73551241671942
2.3480827758227694,135.055443558789
2.621135755391167,106.94788667546838
2.8622687191034903,89.15613319193942
3.394402806470299,63.120493541108424
3.831043656260717,50.09767562021361
4.206557174547703,42.112970413015304
5.074714442875009,30.174814497643
4.633428599056848,35.48379375512288
5.692605708501778,24.999802839102486
6.250586924488937,21.620878818031798
7.494650478245945,16.418269218807854
8.458728915685844,13.832011124877027
9.287841643277503,12.148976574812066
11.136414492684487,9.542513499745173
12.465677916653124,8.241701716773331
13.877064622622523,7.184485791214879
16.54776671878878,5.689876073245074
18.676397683992022,4.843785093655685
20.62014019571211,4.248657141308765
24.588576831378862,3.3195815777307103
27.751541775411127,2.8099443091989804
31.679503783366478,2.355080666638301
39.669756047745075,1.7323028189459901
