hc_scaled_m_kg13,rg_scaled_m_kg13,ht_scaled_m_kg13
0.397,1.200,0.050
0.397,2.000,0.200
0.397,3.000,0.500
0.397,4.000,1.000
0.397,6.000,2.000
0.595,1.500,0.030
0.595,2.500,0.150
0.595,3.500,0.400
0.595,5.000,1.000
0.595,7.000,2.200
0.794,2.000,0.020
0.794,3.000,0.100
0.794,4.500,0.350
0.794,6.000,0.900
0.794,8.000,2.000
1.191,2.500,0.010
1.191,4.000,0.080
1.191,5.500,0.250
1.191,7.000,0.700
1.191,9.000,1.600
1.588,3.500,0.005
1.588,5.000,0.050
1.588,6.500,0.180
1.588,8.000,0.500
1.588,10.000,1.200
